Contraste,Energia,Homogeneidade,Correlação,Entropia,Paciente
37.4669312169312,0.04575457819160812,0.21892499910894545,0.9276415413108939,0.16807634275056763,PATIENT_0
235.41700960219785,0.03540051550223362,0.08036165410769797,0.5520696689339457,0.16807634275056763,PATIENT_0
216.78174603174406,0.035468485920084086,0.07797686785064309,0.5871463020737073,0.16807634275056763,PATIENT_0
227.6447187928703,0.034607615395179904,0.06959523666784286,0.5672067467542093,0.16807634275056763,PATIENT_0
127.08379120879147,0.03764337803858472,0.12967332270896367,0.7548133336440511,0.16807634275056763,PATIENT_0
235.41700960219785,0.03540051550223362,0.08036165410769797,0.5520696689339457,0.16807634275056763,PATIENT_0
429.77609890109954,0.035687860046062315,0.07044242424364842,0.17890612345410198,0.16807634275056763,PATIENT_0
227.6447187928703,0.034607615395179904,0.06959523666784286,0.5672067467542093,0.16807634275056763,PATIENT_0
340.45535714285154,0.034339228450041746,0.06559414203661075,0.34332044487131214,0.16807634275056763,PATIENT_0
474.02239999999455,0.03457629245595831,0.035169754078188724,0.09604859022586217,0.16807634275056763,PATIENT_0
473.3749999999916,0.03403153757746716,0.05089621206985662,0.06410509923262041,0.16807634275056763,PATIENT_0
477.51519999999425,0.0353994350237395,0.05786784821247177,0.08610851106105265,0.16807634275056763,PATIENT_0
562.7178571428587,0.037072391950047856,0.04605000538620633,-0.039297577740428524,0.16807634275056763,PATIENT_0
524.4752066115728,0.03809729114583869,0.06744439198357825,-0.03157817455794142,0.16807634275056763,PATIENT_0
514.3678571428601,0.037201190457142444,0.06112573450939756,-0.08835421740551862,0.16807634275056763,PATIENT_0
479.44834710744084,0.038459732373938946,0.05077662628548115,0.05658637472031721,0.16807634275056763,PATIENT_0
28.625661375661412,0.06465264238015836,0.2130442902404849,0.7812027468726966,0.11665699360727046,PATIENT_1
112.5555555555562,0.05529669237516182,0.11620653979219743,0.11142590269152138,0.11665699360727046,PATIENT_1
77.61507936507905,0.054345604720037084,0.14343109741467255,0.3885892363890324,0.11665699360727046,PATIENT_1
42.41289437585744,0.06014584710121764,0.18333844884766762,0.6655135590064649,0.11665699360727046,PATIENT_1
79.9285714285717,0.057413638857160255,0.14158336557696885,0.39000380044649235,0.11665699360727046,PATIENT_1
112.5555555555562,0.05529669237516182,0.11620653979219743,0.11142590269152138,0.11665699360727046,PATIENT_1
137.3420329670334,0.05277300195686409,0.1192924018172541,-0.0953719813413012,0.11665699360727046,PATIENT_1
42.41289437585744,0.06014584710121764,0.18333844884766762,0.6655135590064649,0.11665699360727046,PATIENT_1
139.54910714285563,0.05478737438245478,0.12495609088053351,-0.04593923831887187,0.11665699360727046,PATIENT_1
124.01919999999897,0.054681623970032026,0.11692152672084384,0.002683213444649656,0.11665699360727046,PATIENT_1
140.69494047618903,0.05269622383817131,0.08454898284747787,-0.12428069634335194,0.11665699360727046,PATIENT_1
139.71199999999888,0.055147801406764875,0.10230270050598864,-0.10469111662360234,0.11665699360727046,PATIENT_1
159.43214285714353,0.05413395139722922,0.09388360845389156,-0.1338590334157171,0.11665699360727046,PATIENT_1
135.3202479338846,0.05712725852354763,0.10948354225600111,-0.05036283144128839,0.11665699360727046,PATIENT_1
123.61785714285764,0.056624321413242834,0.11178781658241072,0.018752873825936288,0.11665699360727046,PATIENT_1
156.51033057851282,0.055804251388717134,0.09180800011808732,-0.17928135228523667,0.11665699360727046,PATIENT_1
20.791005291005344,0.06536586825717375,0.2726604925981712,0.8561903659325099,0.11496888132875431,PATIENT_2
84.35390946502075,0.052062989614124595,0.14550227453701664,0.4007232527734441,0.11496888132875431,PATIENT_2
53.96560846560848,0.055460992839250316,0.17781535010730795,0.6133723603442729,0.11496888132875431,PATIENT_2
33.123456790123484,0.06283866623345066,0.23582943400646666,0.7644329499755858,0.11496888132875431,PATIENT_2
59.20054945054982,0.05478169396321238,0.1678509912145522,0.596903709696561,0.11496888132875431,PATIENT_2
84.35390946502075,0.052062989614124595,0.14550227453701664,0.4007232527734441,0.11496888132875431,PATIENT_2
108.57967032967073,0.052710395204258034,0.14372615288446625,0.20860804901156246,0.11496888132875431,PATIENT_2
33.123456790123484,0.06283866623345066,0.23582943400646666,0.7644329499755858,0.11496888132875431,PATIENT_2
112.97470238095156,0.05138778764830912,0.12260637357939747,0.2523590445885991,0.11496888132875431,PATIENT_2
134.86079999999933,0.05304187025360242,0.10195142752643971,0.04197903127058276,0.11496888132875431,PATIENT_2
125.24553571428481,0.05372621487659392,0.10078721445283034,0.08192607704511706,0.11496888132875431,PATIENT_2
104.6255999999994,0.054187821510003314,0.14595634019783787,0.2509698938167143,0.11496888132875431,PATIENT_2
138.36964285714342,0.05009557192537717,0.09760486260055298,0.08314822515415843,0.11496888132875431,PATIENT_2
123.90082644628126,0.054233077472755055,0.10198261770216012,0.1463338148846475,0.11496888132875431,PATIENT_2
133.31428571428626,0.05207738061220626,0.11155029809560289,0.029411365941475195,0.11496888132875431,PATIENT_2
109.47520661157036,0.055420448681825066,0.11545998589655113,0.22800738842704543,0.11496888132875431,PATIENT_2
16.015873015873005,0.07997998125836488,0.2864642477782012,0.6939825440984309,0.08385855182226065,PATIENT_3
45.488340192044014,0.06848414768925463,0.15825516366388198,0.11938178003797492,0.08385855182226065,PATIENT_3
27.57275132275132,0.07200191217067094,0.20411758072697644,0.4728960568351573,0.08385855182226065,PATIENT_3
18.727023319615963,0.07787581853079453,0.24872966500903002,0.636558378633099,0.08385855182226065,PATIENT_3
41.19642857142868,0.06857134051839969,0.17649383109257968,0.20274948471261595,0.08385855182226065,PATIENT_3
45.488340192044014,0.06848414768925463,0.15825516366388198,0.11938178003797492,0.08385855182226065,PATIENT_3
51.239010989011184,0.0684060417471912,0.1513906586590294,0.005880986820275392,0.08385855182226065,PATIENT_3
18.727023319615963,0.07787581853079453,0.24872966500903002,0.636558378633099,0.08385855182226065,PATIENT_3
53.47767857142835,0.0681930906987473,0.1595905165233563,-0.05240227889444979,0.08385855182226065,PATIENT_3
46.11359999999991,0.07097943364102005,0.16526485731373194,0.03976984701538971,0.08385855182226065,PATIENT_3
51.93898809523786,0.06852512956222138,0.14999017746927057,-0.01891183402506278,0.08385855182226065,PATIENT_3
42.29119999999981,0.0729098072964122,0.15934315363152393,0.12771793481624089,0.08385855182226065,PATIENT_3
57.65892857142868,0.07040562144184397,0.15193259013413202,-0.10453969403637657,0.08385855182226065,PATIENT_3
50.987603305785086,0.07172130147813946,0.1658782983486059,-0.050126366997614,0.08385855182226065,PATIENT_3
52.1178571428573,0.06717229597787162,0.15114553715342235,0.017912938810277865,0.08385855182226065,PATIENT_3
44.57231404958674,0.06957627372100286,0.16645994443031087,0.1488503098983866,0.08385855182226065,PATIENT_3
70.26719576719567,0.04020815913643006,0.15382762537779335,0.8428723949676882,0.16870701619283138,PATIENT_4
329.4183813443119,0.03502646182387907,0.0677291681619259,0.2711215819196304,0.16870701619283138,PATIENT_4
227.64021164020937,0.03459443605984627,0.09207704548526369,0.4923092314454121,0.16870701619283138,PATIENT_4
171.8353909465043,0.03562570346562625,0.08831462779909335,0.6192975025317513,0.16870701619283138,PATIENT_4
208.60989010989047,0.03485872950672964,0.09486504075000285,0.5376486630624417,0.16870701619283138,PATIENT_4
329.4183813443119,0.03502646182387907,0.0677291681619259,0.2711215819196304,0.16870701619283138,PATIENT_4
478.8379120879131,0.03468236585976008,0.0631505302533282,-0.06351860064363679,0.16870701619283138,PATIENT_4
171.8353909465043,0.03562570346562625,0.08831462779909335,0.6192975025317513,0.16870701619283138,PATIENT_4
435.6205357142781,0.03408030503154315,0.06317450458917036,0.043920189947796485,0.16870701619283138,PATIENT_4
480.01119999999366,0.03496283741345886,0.06279803721053208,-0.05003005129887509,0.16870701619283138,PATIENT_4
496.7767857142775,0.03432310296032895,0.05755837940029448,-0.10087613245579963,0.16870701619283138,PATIENT_4
537.6895999999932,0.035687532837112075,0.049122535921954695,-0.17680657809075778,0.16870701619283138,PATIENT_4
560.8160714285744,0.03705088200222596,0.04453864665129332,-0.19629811707949368,0.16870701619283138,PATIENT_4
486.3677685950438,0.038487471095448984,0.062170164400788944,-0.007446653713483571,0.16870701619283138,PATIENT_4
455.8428571428591,0.037244024311811286,0.06520243358124087,0.011143960382539024,0.16870701619283138,PATIENT_4
421.8057851239689,0.03775964231920914,0.057717205850262465,0.1304968059636485,0.16870701619283138,PATIENT_4
40.013227513227335,0.057162144011459755,0.20774181543973716,0.7897636974848445,0.12848588253019372,PATIENT_5
146.45267489712026,0.04971500761157833,0.11189971993240447,0.20020975353959092,0.12848588253019372,PATIENT_5
93.4206349206348,0.051118819732644136,0.15048190860171032,0.49109773674969415,0.12848588253019372,PATIENT_5
59.2318244170099,0.05616609763394614,0.16741319596890497,0.6761788973687678,0.12848588253019372,PATIENT_5
111.58379120879144,0.05293365073625725,0.13503872972361178,0.4111395573022443,0.12848588253019372,PATIENT_5
146.45267489712026,0.04971500761157833,0.11189971993240447,0.20020975353959092,0.12848588253019372,PATIENT_5
185.86950549450611,0.048496987483268444,0.09111592583747875,-0.035841116361249675,0.12848588253019372,PATIENT_5
59.2318244170099,0.05616609763394614,0.16741319596890497,0.6761788973687678,0.12848588253019372,PATIENT_5
178.7797619047597,0.049623011906347665,0.10252937947350078,0.032557069417981775,0.12848588253019372,PATIENT_5
216.4799999999982,0.05096194658762529,0.09030348431429501,-0.2544203808685062,0.12848588253019372,PATIENT_5
203.0282738095216,0.04834592185935418,0.07675725935925735,-0.17285035393677906,0.12848588253019372,PATIENT_5
176.05119999999863,0.05149912620617922,0.08604344281205048,-0.032504726145124674,0.12848588253019372,PATIENT_5
168.51428571428625,0.05064948072743892,0.08327397791431936,0.044411179088422376,0.12848588253019372,PATIENT_5
170.9793388429756,0.05267582142141326,0.11067911244967649,-0.03546565367890646,0.12848588253019372,PATIENT_5
180.22142857142933,0.05313812862988061,0.10637707662485839,-0.007674361948492582,0.12848588253019372,PATIENT_5
162.69628099173588,0.05563186784229878,0.09033607627412224,0.022840637135026327,0.12848588253019372,PATIENT_5
19.95634920634918,0.06111912726004173,0.2649976213059732,0.8969778811126735,0.130125079567526,PATIENT_6
126.72976680384168,0.04463961617358901,0.08279899557337458,0.34245081243739994,0.130125079567526,PATIENT_6
102.36111111111067,0.04562054063751437,0.11116143596305762,0.46814674503809944,0.130125079567526,PATIENT_6
90.34156378600886,0.04796195812632985,0.11795407858993197,0.5313210985519242,0.130125079567526,PATIENT_6
58.652472527472774,0.05028298136737128,0.16173609164023559,0.6988732285800813,0.130125079567526,PATIENT_6
126.72976680384168,0.04463961617358901,0.08279899557337458,0.34245081243739994,0.130125079567526,PATIENT_6
176.068681318682,0.04447877708431935,0.09905741568819279,0.08996292133873754,0.130125079567526,PATIENT_6
90.34156378600886,0.04796195812632985,0.11795407858993197,0.5313210985519242,0.130125079567526,PATIENT_6
123.24553571428434,0.04675082759644297,0.11992222005583335,0.3702211330636588,0.130125079567526,PATIENT_6
213.95839999999802,0.045381934731784604,0.08501008495103468,-0.11075431591063471,0.130125079567526,PATIENT_6
224.7827380952354,0.04419417382415895,0.07234616211509948,-0.18987161759134133,0.130125079567526,PATIENT_6
181.04159999999848,0.045998260836687774,0.10628909366184841,0.06117122884685242,0.130125079567526,PATIENT_6
173.17857142857196,0.049567646006364534,0.11282402291922433,0.1261600758865731,0.130125079567526,PATIENT_6
201.93595041322368,0.0496513009946197,0.051747345823560824,-0.07414457866370555,0.130125079567526,PATIENT_6
214.6000000000008,0.0476989656756898,0.08929961760502779,-0.13351036909639025,0.130125079567526,PATIENT_6
234.06198347107494,0.048958659549887755,0.0592392429364658,-0.26248002393512887,0.130125079567526,PATIENT_6
30.18650793650776,0.05025584719976919,0.2297180758565518,0.9387403630612955,0.1577950368565739,PATIENT_7
244.00685871056578,0.037616760496028474,0.09771726284985698,0.5084963552340998,0.1577950368565739,PATIENT_7
169.7791005290988,0.04011013015887865,0.11240663198237545,0.652709353272087,0.1577950368565739,PATIENT_7
122.88340192044055,0.04000457221239504,0.1178229147036166,0.7529689446914546,0.1577950368565739,PATIENT_7
101.25274725274762,0.0429793622174785,0.13578813996392894,0.797764607028928,0.1577950368565739,PATIENT_7
244.00685871056578,0.037616760496028474,0.09771726284985698,0.5084963552340998,0.1577950368565739,PATIENT_7
428.15521978022184,0.03645936659337118,0.05596455633345497,0.1362101778761778,0.1577950368565739,PATIENT_7
122.88340192044055,0.04000457221239504,0.1178229147036166,0.7529689446914546,0.1577950368565739,PATIENT_7
264.79166666666197,0.04019234772639611,0.0805930997566892,0.4862281085759622,0.1577950368565739,PATIENT_7
658.4655999999925,0.03660819580367145,0.05803244154270149,-0.24946405912646,0.1577950368565739,PATIENT_7
638.6681547618933,0.03697849297556202,0.056448798852471185,-0.2590890455111582,0.1577950368565739,PATIENT_7
478.75999999999453,0.03730093832599844,0.06136192416247077,0.0948434736270279,0.1577950368565739,PATIENT_7
483.17142857143074,0.03958892728106335,0.05986751531263496,0.11412132235598195,0.1577950368565739,PATIENT_7
729.667355371904,0.04072397385212227,0.03364803296406383,-0.27726793999368554,0.1577950368565739,PATIENT_7
606.2071428571462,0.03869276550003672,0.04965375223716294,-0.1802376942768107,0.1577950368565739,PATIENT_7
711.8305785124005,0.03931053221165414,0.053603535795840464,-0.19790695533304745,0.1577950368565739,PATIENT_7
27.76455026455028,0.0548423609566874,0.24323842497857442,0.8948945259251267,0.14270591597276505,PATIENT_8
169.16872427983682,0.041753720864813784,0.11440111608900648,0.3699090884726654,0.14270591597276505,PATIENT_8
131.50264550264515,0.043278434256568264,0.10789322896505558,0.5089937409299038,0.14270591597276505,PATIENT_8
109.38408779149589,0.04354065911688349,0.11506853757792021,0.5928016595280047,0.14270591597276505,PATIENT_8
85.644230769231,0.045640790455593924,0.14934711056963654,0.676108193007229,0.14270591597276505,PATIENT_8
169.16872427983682,0.041753720864813784,0.11440111608900648,0.3699090884726654,0.14270591597276505,PATIENT_8
251.32829670329676,0.04030604601956394,0.080938334967642,0.07384486209590987,0.14270591597276505,PATIENT_8
109.38408779149589,0.04354065911688349,0.11506853757792021,0.5928016595280047,0.14270591597276505,PATIENT_8
185.35863095237912,0.041653377982971126,0.10719449737665368,0.3029002653805362,0.14270591597276505,PATIENT_8
309.5663999999973,0.042316899697401655,0.07376285966511223,-0.12522214644968724,0.14270591597276505,PATIENT_8
285.70982142856803,0.041037447122433277,0.07140965239008987,-0.04884393621466962,0.14270591597276505,PATIENT_8
242.407999999998,0.04248293775152503,0.0954114722029324,0.11741530874473328,0.14270591597276505,PATIENT_8
271.5589285714293,0.04307977886362457,0.056392426152022654,-0.01136590257729083,0.14270591597276505,PATIENT_8
273.21074380165425,0.04426505224303443,0.07114274530089444,0.02514527487439241,0.14270591597276505,PATIENT_8
263.5214285714292,0.04304275283283575,0.06067278257597381,0.015740375231092844,0.14270591597276505,PATIENT_8
267.9297520661167,0.044071754148143925,0.06877252460754314,0.036514099136877524,0.14270591597276505,PATIENT_8
19.161375661375654,0.06795132031238775,0.2750493800733601,0.8509748495489657,0.11787111764741663,PATIENT_9
96.75857338820339,0.052288391090661274,0.13638070236632366,0.26019935847655506,0.11787111764741663,PATIENT_9
65.98015873015855,0.054826406814980466,0.16484170357424557,0.48962796370515277,0.11787111764741663,PATIENT_9
48.449931412894514,0.055228592974478755,0.18522325790958852,0.629355891803961,0.11787111764741663,PATIENT_9
57.23076923076951,0.0568439057597763,0.16710567283389294,0.5600037925265179,0.11787111764741663,PATIENT_9
96.75857338820339,0.052288391090661274,0.13638070236632366,0.26019935847655506,0.11787111764741663,PATIENT_9
131.99587912087944,0.0529959937468693,0.11596502210449366,-0.02131795642487252,0.11787111764741663,PATIENT_9
48.449931412894514,0.055228592974478755,0.18522325790958852,0.629355891803961,0.11787111764741663,PATIENT_9
117.99107142857012,0.05303133833692034,0.11717252435725727,0.1091010938035412,0.11787111764741663,PATIENT_9
156.05119999999914,0.05393922505932003,0.11535951841240769,-0.19176672821513183,0.11787111764741663,PATIENT_9
142.1860119047607,0.05359209257550274,0.12045927884126756,-0.14574555988747956,0.11787111764741663,PATIENT_9
109.34399999999923,0.051845925587262635,0.10622186819480406,0.16537402635762977,0.11787111764741663,PATIENT_9
155.57678571428661,0.05463235193135148,0.11236129393239383,-0.2648146829612444,0.11787111764741663,PATIENT_9
113.6673553719012,0.054781295799846676,0.1087846061907484,0.06489540403932655,0.11787111764741663,PATIENT_9
88.35357142857188,0.05495243769081849,0.13526247834350896,0.26064446247580525,0.11787111764741663,PATIENT_9
137.05165289256237,0.05497576320516577,0.09708530393144961,-0.07166832395226619,0.11787111764741663,PATIENT_9
27.642857142857178,0.05400649646188766,0.22008287370656374,0.8635658470225396,0.1381565450088659,PATIENT_10
123.81069958847844,0.0434216510050607,0.09427460956452201,0.3765004035998314,0.1381565450088659,PATIENT_10
80.28703703703684,0.04552455790834106,0.13736871640310955,0.6008147768119854,0.1381565450088659,PATIENT_10
41.91906721536369,0.049781199757542235,0.1847295266040243,0.7901765814717128,0.1381565450088659,PATIENT_10
79.0137362637366,0.046824342167745336,0.1294208354485876,0.6058261352421346,0.1381565450088659,PATIENT_10
123.81069958847844,0.0434216510050607,0.09427460956452201,0.3765004035998314,0.1381565450088659,PATIENT_10
157.20329670329727,0.0427592923523997,0.10117051685980226,0.200791779417879,0.1381565450088659,PATIENT_10
41.91906721536369,0.049781199757542235,0.1847295266040243,0.7901765814717128,0.1381565450088659,PATIENT_10
152.218749999998,0.042987669123970826,0.0944239450294792,0.2315488308597156,0.1381565450088659,PATIENT_10
160.98879999999863,0.043333128204642093,0.09124853488797509,0.1322442811915858,0.1381565450088659,PATIENT_10
182.88095238095053,0.04421922011340335,0.07316055547924517,0.04390133847611054,0.1381565450088659,PATIENT_10
159.24959999999834,0.043347894989260394,0.098007740604446,0.1903442299936175,0.1381565450088659,PATIENT_10
165.54285714285766,0.04517539514526277,0.10588362557439494,0.15351004891141568,0.1381565450088659,PATIENT_10
173.9958677685954,0.04713733283698282,0.06953024212818089,-0.07121295998247353,0.1381565450088659,PATIENT_10
174.87142857142933,0.046256549453530985,0.10169235273081659,0.07556039842163338,0.1381565450088659,PATIENT_10
191.27685950413283,0.04645315528082073,0.10071301526004788,0.05697967911287237,0.1381565450088659,PATIENT_10
20.177248677248674,0.07049780600243938,0.24429671394118954,0.7913388127709796,0.10415325284953042,PATIENT_11
67.39643347050759,0.05800377095162153,0.1429761829386344,0.3076975799819049,0.10415325284953042,PATIENT_11
41.07671957671951,0.06218338239969908,0.19557577033686274,0.5870966643555254,0.10415325284953042,PATIENT_11
23.51851851851852,0.066610757433081,0.2447227696328607,0.7590436364846022,0.10415325284953042,PATIENT_11
51.61950549450575,0.060361463029450134,0.14831950279351974,0.45585275086527266,0.10415325284953042,PATIENT_11
67.39643347050759,0.05800377095162153,0.1429761829386344,0.3076975799819049,0.10415325284953042,PATIENT_11
87.75961538461567,0.05552577728408722,0.131669696413803,0.13387404514318615,0.10415325284953042,PATIENT_11
23.51851851851852,0.066610757433081,0.2447227696328607,0.7590436364846022,0.10415325284953042,PATIENT_11
77.1770833333327,0.05870908197791274,0.13563550247328657,0.1610371474642531,0.10415325284953042,PATIENT_11
87.1999999999995,0.058284817920278155,0.1268151016419224,0.09084843025389515,0.10415325284953042,PATIENT_11
87.60119047618977,0.05553008380072945,0.13462059036586352,0.1510317744245273,0.10415325284953042,PATIENT_11
75.10079999999961,0.062122459706614785,0.13445520829687513,0.21559113244776368,0.10415325284953042,PATIENT_11
99.93392857142906,0.060358727789841554,0.14528036784640885,-0.06798746650087832,0.10415325284953042,PATIENT_11
96.67355371900847,0.057220588529447294,0.11930217286716313,0.03872371569188335,0.10415325284953042,PATIENT_11
106.47857142857193,0.05625708572151224,0.132666839790729,0.049890935015638946,0.10415325284953042,PATIENT_11
90.70867768595055,0.058493337466496195,0.12399388603502991,0.0972404809055188,0.10415325284953042,PATIENT_11
14.010582010582016,0.06767395366289147,0.29259993824903907,0.8815750243488755,0.11499108566297196,PATIENT_12
84.46502057613182,0.05017651895246078,0.12547588379642602,0.29296161133433124,0.11499108566297196,PATIENT_12
65.14021164021163,0.0512213994071777,0.1475519480831837,0.45889649870781773,0.11499108566297196,PATIENT_12
54.30589849108378,0.05271846049540662,0.16094727233216416,0.5460771569152414,0.11499108566297196,PATIENT_12
43.530219780219966,0.054522759030190555,0.17902070158027783,0.6272827564395582,0.11499108566297196,PATIENT_12
84.46502057613182,0.05017651895246078,0.12547588379642602,0.29296161133433124,0.11499108566297196,PATIENT_12
127.69917582417622,0.05077774832218277,0.1250428871638937,-0.05184687283072719,0.11499108566297196,PATIENT_12
54.30589849108378,0.05271846049540662,0.16094727233216416,0.5460771569152414,0.11499108566297196,PATIENT_12
90.791666666666,0.05002302474396264,0.12365818435777218,0.20676338024604732,0.11499108566297196,PATIENT_12
104.86399999999946,0.05082361655765947,0.11982029656996242,0.10374624333747332,0.11499108566297196,PATIENT_12
122.11160714285637,0.050254895210619384,0.11266355970159457,-0.011049310007703789,0.11499108566297196,PATIENT_12
115.99519999999924,0.05157363667611561,0.10748559389805085,0.009554995656671134,0.11499108566297196,PATIENT_12
82.19107142857169,0.051985452242891785,0.13255630122997417,0.26631699492696514,0.11499108566297196,PATIENT_12
121.00000000000021,0.05383807529254304,0.10505111420275258,-0.12240545730666158,0.11499108566297196,PATIENT_12
115.19464285714334,0.05198545224289178,0.09500406943443901,0.061740875349212285,0.11499108566297196,PATIENT_12
105.15082644628109,0.05303924649997294,0.103516748665983,0.06580636284232036,0.11499108566297196,PATIENT_12
40.78174603174603,0.04614487709659357,0.2130723539271531,0.8598186846900745,0.15503097530337653,PATIENT_13
216.36488340192292,0.037591741031673315,0.06944972328221376,0.2551233554970267,0.15503097530337653,PATIENT_13
158.63359788359702,0.03862116751496381,0.0938984548987649,0.45520342840204964,0.15503097530337653,PATIENT_13
128.12071330589993,0.03948378042420978,0.10791997702259054,0.5601949330546608,0.15503097530337653,PATIENT_13
128.99175824175865,0.0386816698910132,0.11230384734772805,0.5542415568817756,0.15503097530337653,PATIENT_13
216.36488340192292,0.037591741031673315,0.06944972328221376,0.2551233554970267,0.15503097530337653,PATIENT_13
317.92582417582526,0.037379298967549074,0.06506223491969805,-0.07893132372206885,0.15503097530337653,PATIENT_13
128.12071330589993,0.03948378042420978,0.10791997702259054,0.5601949330546608,0.15503097530337653,PATIENT_13
270.11011904761517,0.037734292658053205,0.0618791868079135,0.029847775443307623,0.15503097530337653,PATIENT_13
269.4175999999972,0.03950088606601055,0.07988566534496047,0.04767668084336254,0.15503097530337653,PATIENT_13
307.2321428571384,0.0390039953038127,0.06382318962784522,-0.05087980516479104,0.15503097530337653,PATIENT_13
313.01119999999685,0.03983967871356327,0.07657635551070274,-0.0862047905122539,0.15503097530337653,PATIENT_13
301.8285714285725,0.041419333945511644,0.05253041497269625,-0.10267804376250676,0.15503097530337653,PATIENT_13
294.0888429752078,0.04251883394061322,0.05581296044487863,-0.05199442183367632,0.15503097530337653,PATIENT_13
331.6285714285721,0.0402479559628025,0.08055652978749821,-0.11558877724472957,0.15503097530337653,PATIENT_13
295.9318181818193,0.04165670486292579,0.06609640955905292,-0.09002249777638252,0.15503097530337653,PATIENT_13
40.7513227513227,0.0459263373789872,0.19046667008740983,0.8880988735997819,0.15646598169037426,PATIENT_14
225.33470507544837,0.037264959416203974,0.09280442763873416,0.34795089431648596,0.15646598169037426,PATIENT_14
174.76190476190348,0.0373311264329893,0.0974989183604168,0.4990542674960517,0.15646598169037426,PATIENT_14
144.79286694101685,0.03996927924371389,0.10139499213359826,0.5818418889091591,0.15646598169037426,PATIENT_14
125.17032967032996,0.039226594261795936,0.11512747852683362,0.6524137866280207,0.15646598169037426,PATIENT_14
225.33470507544837,0.037264959416203974,0.09280442763873416,0.34795089431648596,0.15646598169037426,PATIENT_14
339.48901098901183,0.03673006032176099,0.07220783643500024,-0.01030680164456018,0.15646598169037426,PATIENT_14
144.79286694101685,0.03996927924371389,0.10139499213359826,0.5818418889091591,0.15646598169037426,PATIENT_14
260.85119047618605,0.037851480184454056,0.06830887629546563,0.25144526849250265,0.15646598169037426,PATIENT_14
331.036799999996,0.039403553139278534,0.05996919236650257,-0.03771678449224586,0.15646598169037426,PATIENT_14
376.55803571427936,0.03690356180844325,0.07024975599495883,-0.12937412089337025,0.15646598169037426,PATIENT_14
328.7983999999968,0.03886386496477093,0.07067991024100319,-0.021193821558679115,0.15646598169037426,PATIENT_14
317.5392857142873,0.03968948351945176,0.0708824811042896,0.0586047569027125,0.15646598169037426,PATIENT_14
319.49380165289415,0.04183565440354695,0.0781185175055821,0.03610021593856033,0.15646598169037426,PATIENT_14
308.71607142857226,0.039488114977671594,0.060274206393373546,0.13274494824108804,0.15646598169037426,PATIENT_14
290.981404958679,0.04208997683360226,0.07907842391303156,0.07286555953235405,0.15646598169037426,PATIENT_14
53.69973544973516,0.0463057435561222,0.1864063366763356,0.8539731617983389,0.15699378955534618,PATIENT_15
285.0562414266149,0.03943609468166078,0.08201553058527665,0.22184963765421023,0.15699378955534618,PATIENT_15
191.21560846560655,0.04007740054905549,0.09954551194936874,0.4788083726025385,0.15699378955534618,PATIENT_15
128.66529492455567,0.04128920972096754,0.13536985037467275,0.6491894767790919,0.15699378955534618,PATIENT_15
164.58653846153905,0.03989432893257621,0.09982425395984672,0.5556118751808743,0.15699378955534618,PATIENT_15
285.0562414266149,0.03943609468166078,0.08201553058527665,0.22184963765421023,0.15699378955534618,PATIENT_15
392.3255494505498,0.03790561738062296,0.06748020251880348,-0.06192970128378717,0.15699378955534618,PATIENT_15
128.66529492455567,0.04128920972096754,0.13536985037467275,0.6491894767790919,0.15699378955534618,PATIENT_15
352.03571428570865,0.03877623279998517,0.07213391358097739,0.05941219604875441,0.15699378955534618,PATIENT_15
381.4959999999955,0.039191835884530096,0.0682463002407557,-0.021860577820189093,0.15699378955534618,PATIENT_15
373.467261904756,0.03857583749052195,0.08196765424818682,-0.033102952765308634,0.15699378955534618,PATIENT_15
395.1679999999955,0.04015968127363485,0.062162210081777365,-0.04851035690834044,0.15699378955534618,PATIENT_15
399.09285714285863,0.03954863319705395,0.04893645849842412,-0.0522866454075183,0.15699378955534618,PATIENT_15
346.9400826446297,0.04132231404958709,0.06480864358670954,0.07574078911200752,0.15699378955534618,PATIENT_15
342.61250000000166,0.04138082223663044,0.07055325986262842,0.10217581975168849,0.15699378955534618,PATIENT_15
388.48347107438207,0.04170791164914567,0.0683330576038633,-0.014449853877531414,0.15699378955534618,PATIENT_15
27.0251322751323,0.05554768147776716,0.22328177169387323,0.8736503812895469,0.13616236107545712,PATIENT_16
115.07681755829978,0.04578414065371424,0.11722578218893129,0.4578486948349383,0.13616236107545712,PATIENT_16
82.90740740740695,0.047379615578233336,0.14043259817676507,0.6180406037059314,0.13616236107545712,PATIENT_16
59.969821673525736,0.0496960793765074,0.15337827744818702,0.7173942903265156,0.13616236107545712,PATIENT_16
77.15934065934088,0.0466426561712902,0.13928398154743082,0.6345294775760855,0.13616236107545712,PATIENT_16
115.07681755829978,0.04578414065371424,0.11722578218893129,0.4578486948349383,0.13616236107545712,PATIENT_16
139.61950549450597,0.04520462272501204,0.12216891681931998,0.35844366468799466,0.13616236107545712,PATIENT_16
59.969821673525736,0.0496960793765074,0.15337827744818702,0.7173942903265156,0.13616236107545712,PATIENT_16
149.97619047618855,0.046118950051522535,0.09974794697282217,0.27715350400804184,0.13616236107545712,PATIENT_16
159.07679999999837,0.04623418648575926,0.1061505728195109,0.23343511597380384,0.13616236107545712,PATIENT_16
144.1919642857125,0.04438167646430542,0.10963526230090131,0.3328440703675362,0.13616236107545712,PATIENT_16
154.58239999999842,0.046688756676527145,0.10846234292978185,0.26050858223365003,0.13616236107545712,PATIENT_16
211.0857142857148,0.04754831055605144,0.09618379895250946,-0.011986996590339707,0.13616236107545712,PATIENT_16
202.320247933885,0.04854272778706942,0.085755599765142,-0.005419868479645831,0.13616236107545712,PATIENT_16
147.1089285714291,0.047363525749553236,0.10233834730773925,0.29232263022296,0.13616236107545712,PATIENT_16
180.54338842975275,0.04950061384591328,0.09454034796517596,0.11783513686622721,0.13616236107545712,PATIENT_16
41.499999999999886,0.05471459756599562,0.1955970740373969,0.7551323902650584,0.12790186453721916,PATIENT_17
150.31961591220949,0.048653354872341216,0.11909336676155233,0.11139670664756389,0.12790186453721916,PATIENT_17
89.19312169312153,0.05059415740451103,0.14939174737510053,0.46627019724969154,0.12790186453721916,PATIENT_17
50.31412894375882,0.054946790815829476,0.19336349175914758,0.7024220393530097,0.12790186453721916,PATIENT_17
114.31593406593433,0.04788028862069603,0.12592388375719135,0.33438455229755043,0.12790186453721916,PATIENT_17
150.31961591220949,0.048653354872341216,0.11909336676155233,0.11139670664756389,0.12790186453721916,PATIENT_17
183.57280219780284,0.04843859253435561,0.09135474077145535,-0.10295808178989031,0.12790186453721916,PATIENT_17
50.31412894375882,0.054946790815829476,0.19336349175914758,0.7024220393530097,0.12790186453721916,PATIENT_17
187.34821428571206,0.046667862442162256,0.08134189561467021,-0.07627249393953586,0.12790186453721916,PATIENT_17
179.40959999999873,0.04830569324624143,0.08638721879604014,-0.05278333075164458,0.12790186453721916,PATIENT_17
173.00297619047385,0.04848313856441864,0.06968426999861337,-0.05076474592771935,0.12790186453721916,PATIENT_17
155.7119999999987,0.049211380797534766,0.10129970309315395,0.08718714192824013,0.12790186453721916,PATIENT_17
175.75535714285786,0.04880589417398752,0.09950722176074442,-0.033411153235603314,0.12790186453721916,PATIENT_17
165.15909090909122,0.050228288351831685,0.10462808694386296,0.017277030524451932,0.12790186453721916,PATIENT_17
154.64285714285774,0.05061799208235152,0.09013051813132192,0.040594926105076645,0.12790186453721916,PATIENT_17
152.5743801652894,0.05169419836031754,0.09587522601818921,0.09140211806997504,0.12790186453721916,PATIENT_17
31.903439153439148,0.0576573934330775,0.2172042138336107,0.8121767464804257,0.12280671130487575,PATIENT_18
121.97119341563851,0.04752843933901382,0.10886648960367522,0.27286996563383215,0.12280671130487575,PATIENT_18
80.0330687830688,0.05087866287544138,0.13037224763563124,0.5269570986381872,0.12280671130487575,PATIENT_18
48.53772290809347,0.05510067974868325,0.18512784929051815,0.7093470960688724,0.12280671130487575,PATIENT_18
88.00274725274751,0.049896871667448314,0.1303410777621032,0.47872874589619446,0.12280671130487575,PATIENT_18
121.97119341563851,0.04752843933901382,0.10886648960367522,0.27286996563383215,0.12280671130487575,PATIENT_18
148.12500000000057,0.049221079305409095,0.10957296269602707,0.10022823903672701,0.12280671130487575,PATIENT_18
48.53772290809347,0.05510067974868325,0.18512784929051815,0.7093470960688724,0.12280671130487575,PATIENT_18
150.4300595238084,0.04794346337377035,0.09516792470117214,0.12134596178965561,0.12280671130487575,PATIENT_18
139.5071999999992,0.050062361110918226,0.0919725615996254,0.13968785453637977,0.12280671130487575,PATIENT_18
136.77083333333212,0.05123674196632918,0.11992516569520559,0.13595441322505308,0.12280671130487575,PATIENT_18
132.047999999999,0.04888517157584679,0.11635482421351565,0.17270498800611675,0.12280671130487575,PATIENT_18
173.66607142857217,0.05064948072743892,0.09922413133086805,-0.018402342253132566,0.12280671130487575,PATIENT_18
152.91942148760364,0.051321249373447356,0.10728654425279675,0.0750684342952338,0.12280671130487575,PATIENT_18
150.57500000000059,0.04972821541301564,0.11150373750746966,0.08951039399175034,0.12280671130487575,PATIENT_18
169.55785123966996,0.05226905223418826,0.08536071889946514,-0.07571389913147637,0.12280671130487575,PATIENT_18
13.009259259259247,0.07630223101766971,0.3075936145556199,0.8514627169423782,0.10252193384847746,PATIENT_19
68.1179698216738,0.0580362024727195,0.152993268574853,0.22117824303875527,0.10252193384847746,PATIENT_19
47.801587301587304,0.05940611527218404,0.1700224869024661,0.45115878034963186,0.10252193384847746,PATIENT_19
30.595336076817638,0.06384866459663681,0.2096995334605594,0.6501904936311648,0.10252193384847746,PATIENT_19
39.513736263736384,0.06258673488953043,0.19934593201926393,0.5516139514081986,0.10252193384847746,PATIENT_19
68.1179698216738,0.0580362024727195,0.152993268574853,0.22117824303875527,0.10252193384847746,PATIENT_19
86.8131868131871,0.05759410794845231,0.13988757006323335,0.009367191781978094,0.10252193384847746,PATIENT_19
30.595336076817638,0.06384866459663681,0.2096995334605594,0.6501904936311648,0.10252193384847746,PATIENT_19
84.95982142857076,0.05744124721910294,0.13219108055172749,0.060067295479543314,0.10252193384847746,PATIENT_19
109.15839999999947,0.057555538395535656,0.11159010158207767,-0.20154401787753254,0.10252193384847746,PATIENT_19
116.81249999999926,0.058111976755257345,0.1039734278619061,-0.31293931274218795,0.10252193384847746,PATIENT_19
80.1055999999995,0.057109018552239106,0.13770611628746923,0.10369150345519018,0.10252193384847746,PATIENT_19
107.03928571428617,0.056100993115732405,0.11000709687591591,-0.10631019116488201,0.10252193384847746,PATIENT_19
93.93181818181804,0.05610940336363748,0.10319373337504092,0.052200249298204056,0.10252193384847746,PATIENT_19
83.25178571428592,0.05742119711004854,0.13338992467988753,0.12361939119688266,0.10252193384847746,PATIENT_19
106.53512396694214,0.05665830248265331,0.10036630827449673,-0.11913345728492038,0.10252193384847746,PATIENT_19
19.650793650793673,0.0698557985529677,0.2395102994049328,0.6636884998490797,0.08662866558081718,PATIENT_20
56.49931412894389,0.061238722319752394,0.15275510475471407,0.025141918454785375,0.08662866558081718,PATIENT_20
33.17195767195762,0.06520506636966246,0.19466512677362435,0.4228712851937541,0.08662866558081718,PATIENT_20
11.271604938271617,0.07906281728938036,0.32266707341573553,0.8059395455720346,0.08662866558081718,PATIENT_20
46.358516483516645,0.06209490138624028,0.16783310049554173,0.2102260911325482,0.08662866558081718,PATIENT_20
56.49931412894389,0.061238722319752394,0.15275510475471407,0.025141918454785375,0.08662866558081718,PATIENT_20
63.24038461538485,0.061622110044390103,0.1467541106826046,-0.10591534880594734,0.08662866558081718,PATIENT_20
11.271604938271617,0.07906281728938036,0.32266707341573553,0.8059395455720346,0.08662866558081718,PATIENT_20
54.74107142857119,0.06049248995290992,0.153130683297807,0.06660464217101845,0.08662866558081718,PATIENT_20
62.97119999999988,0.0641697748164974,0.1366524806242353,-0.10327704763701198,0.08662866558081718,PATIENT_20
59.41964285714257,0.0634494214444278,0.14943102505852993,-0.07546873520792412,0.08662866558081718,PATIENT_20
47.19039999999987,0.0641298682362593,0.1492492831739942,0.18736280444661485,0.08662866558081718,PATIENT_20
66.88750000000019,0.06347454495420095,0.14506879897851654,-0.15559495944700705,0.08662866558081718,PATIENT_20
50.27685950413219,0.06566218422343253,0.16840306356990262,0.07671877371376529,0.08662866558081718,PATIENT_20
45.737500000000104,0.06610761557290284,0.16554390852861728,0.13245902902570414,0.08662866558081718,PATIENT_20
57.78305785123956,0.06514001144807612,0.1607142606646525,-0.08186896153063047,0.08662866558081718,PATIENT_20
18.662698412698433,0.06533909542448925,0.25012602247884497,0.7899866013730749,0.1064616935580864,PATIENT_21
64.58847736625529,0.054646321775149914,0.14283463128580942,0.275277999261891,0.1064616935580864,PATIENT_21
44.740740740740776,0.05629080114008787,0.18078516722120686,0.4988080617853353,0.1064616935580864,PATIENT_21
27.8916323731139,0.06068311758736544,0.21352303734570294,0.6864774743761242,0.1064616935580864,PATIENT_21
45.97115384615406,0.05620969083958831,0.16055134004023758,0.48405974608425567,0.1064616935580864,PATIENT_21
64.58847736625529,0.054646321775149914,0.14283463128580942,0.275277999261891,0.1064616935580864,PATIENT_21
78.65384615384652,0.05273723577047384,0.12777232645590278,0.13036367056206602,0.1064616935580864,PATIENT_21
27.8916323731139,0.06068311758736544,0.21352303734570294,0.6864774743761242,0.1064616935580864,PATIENT_21
71.3541666666663,0.05301045574570454,0.1404616354677947,0.20011911429446488,0.1064616935580864,PATIENT_21
87.27039999999948,0.054152377602465204,0.12788473451731464,0.033786302099793025,0.1064616935580864,PATIENT_21
76.87053571428517,0.05387028083302913,0.1318057604830711,0.14279050125507034,0.1064616935580864,PATIENT_21
75.5935999999996,0.05331866464944517,0.13055768643736995,0.16750774591700657,0.1064616935580864,PATIENT_21
109.68750000000048,0.05453011244500905,0.11216906724848932,-0.22238738638932132,0.1064616935580864,PATIENT_21
84.67561983471072,0.054468703828363906,0.12310030998874552,0.05991261058363548,0.1064616935580864,PATIENT_21
73.04107142857167,0.0548217194036029,0.12753157096084775,0.163288123436634,0.1064616935580864,PATIENT_21
79.19008264462813,0.055689388313816486,0.13438930133003668,0.1369860681236976,0.1064616935580864,PATIENT_21
35.96031746031749,0.05541365096733688,0.1929626560616283,0.7721311285293361,0.12148803587875955,PATIENT_22
102.97393689986365,0.04918226348970558,0.11823881153893705,0.34810677290495046,0.12148803587875955,PATIENT_22
60.28835978835978,0.051238476053562125,0.15783613668305513,0.6143165835068554,0.12148803587875955,PATIENT_22
29.30178326474631,0.058512479454708444,0.22892844418502414,0.8143551803811269,0.12148803587875955,PATIENT_22
90.47939560439585,0.05002904904251179,0.11538384021665492,0.4291560434161624,0.12148803587875955,PATIENT_22
102.97393689986365,0.04918226348970558,0.11823881153893705,0.34810677290495046,0.12148803587875955,PATIENT_22
114.99038461538487,0.04777179467659125,0.1159565767945848,0.2648903676922412,0.12148803587875955,PATIENT_22
29.30178326474631,0.058512479454708444,0.22892844418502414,0.8143551803811269,0.12148803587875955,PATIENT_22
149.3928571428557,0.04781627682458171,0.09496120410715621,0.05950808998073973,0.12148803587875955,PATIENT_22
141.1775999999988,0.04883277587850167,0.10645351669579756,0.12073532117064646,0.12148803587875955,PATIENT_22
127.07589285714171,0.04851738210387178,0.09926982316848339,0.19242594364501972,0.12148803587875955,PATIENT_22
114.35359999999889,0.047933286972624486,0.10290726526385159,0.2877147614092111,0.12148803587875955,PATIENT_22
189.178571428572,0.049599801472611484,0.08997905634792866,-0.1664575121217292,0.12148803587875955,PATIENT_22
151.38636363636397,0.04926288850234056,0.09417453590147964,0.08009283592827482,0.12148803587875955,PATIENT_22
151.00892857142915,0.05001594133628921,0.10279460659330085,0.06795655461702164,0.12148803587875955,PATIENT_22
145.44008264462852,0.05102929353400214,0.11677279439839086,0.1334065291218171,0.12148803587875955,PATIENT_22
23.25132275132272,0.0599047189112393,0.23930062490225895,0.7816672108706828,0.11905402716619815,PATIENT_23
92.47325102880708,0.050082678363590614,0.11987062735293634,0.1358369469095428,0.11905402716619815,PATIENT_23
67.99603174603173,0.05073229870572763,0.12242353643776391,0.36539158927299215,0.11905402716619815,PATIENT_23
39.39231824417019,0.05461187719449778,0.1891744704591592,0.6328859599845452,0.11905402716619815,PATIENT_23
60.45604395604426,0.053536195796442546,0.1566467771467554,0.4314793645944839,0.11905402716619815,PATIENT_23
92.47325102880708,0.050082678363590614,0.11987062735293634,0.1358369469095428,0.11905402716619815,PATIENT_23
111.94917582417612,0.048923087413483855,0.10794956677139299,-0.033870864665101544,0.11905402716619815,PATIENT_23
39.39231824417019,0.05461187719449778,0.1891744704591592,0.6328859599845452,0.11905402716619815,PATIENT_23
85.98511904761834,0.05083538944207896,0.12543207364633588,0.2045225814606529,0.11905402716619815,PATIENT_23
103.2047999999994,0.049470799467968826,0.11747691488763366,0.0515171343915656,0.11905402716619815,PATIENT_23
115.9062499999991,0.04907331085666948,0.09795404115006279,-0.059469849597686045,0.11905402716619815,PATIENT_23
115.59199999999915,0.05106231487114528,0.11994049765687763,-0.05118829077310652,0.11905402716619815,PATIENT_23
93.68571428571474,0.050978937227215214,0.12178568269640909,0.1430793451013853,0.11905402716619815,PATIENT_23
114.50619834710771,0.05092461794986055,0.08158359923087732,-0.0243005647507023,0.11905402716619815,PATIENT_23
104.43571428571465,0.05259527312508287,0.11433726243027205,-0.010217212937772597,0.11905402716619815,PATIENT_23
115.26652892562021,0.05243213859689903,0.11432697792384498,-0.009808693628144047,0.11905402716619815,PATIENT_23
19.984126984127005,0.07178896929647909,0.26303082449637927,0.6894039482972982,0.08780069194853322,PATIENT_24
57.73662551440343,0.06231243294229848,0.1517016405517277,0.0975036145610249,0.08780069194853322,PATIENT_24
32.310846560846585,0.0661838462414913,0.21026150719380748,0.49560909550034427,0.08780069194853322,PATIENT_24
13.085048010973953,0.07671951415149299,0.29539542411245256,0.795429648848153,0.08780069194853322,PATIENT_24
49.43956043956061,0.06260934162130964,0.14947483699052888,0.223740384882586,0.08780069194853322,PATIENT_24
57.73662551440343,0.06231243294229848,0.1517016405517277,0.0975036145610249,0.08780069194853322,PATIENT_24
64.99725274725299,0.0616603727677568,0.1437817826793528,-0.01211357083792271,0.08780069194853322,PATIENT_24
13.085048010973953,0.07671951415149299,0.29539542411245256,0.795429648848153,0.08780069194853322,PATIENT_24
64.75297619047582,0.06417815075252287,0.13427563423243402,-0.033351765971089,0.08780069194853322,PATIENT_24
62.55359999999991,0.06205030217492899,0.1444945035669036,0.004592359082297288,0.08780069194853322,PATIENT_24
78.41666666666637,0.061382801216198615,0.11155459024775166,-0.1937721883068571,0.08780069194853322,PATIENT_24
48.907199999999825,0.06279872610172903,0.16032811125881763,0.22933950661794325,0.08780069194853322,PATIENT_24
49.8303571428573,0.06683916882933184,0.16537483827097613,0.17531607681115796,0.08780069194853322,PATIENT_24
66.53099173553717,0.06344691129249619,0.14130554373198848,-0.0517888064108481,0.08780069194853322,PATIENT_24
48.480357142857336,0.06484134876916188,0.18463783532638808,0.25973302031020457,0.08780069194853322,PATIENT_24
60.57024793388431,0.06287241344918569,0.13755660765312905,0.05887940077927131,0.08780069194853322,PATIENT_24
38.75925925925927,0.05537416848924463,0.21056232241196152,0.7724793071242058,0.12498765832216537,PATIENT_25
148.87654320987716,0.046254362963202976,0.09516239586469254,0.11284141522759232,0.12498765832216537,PATIENT_25
100.28042328042312,0.04703678409178437,0.12983573342824442,0.4074319698041688,0.12498765832216537,PATIENT_25
55.88614540466409,0.051179034584849646,0.17031730650613636,0.666785970367242,0.12498765832216537,PATIENT_25
105.98763736263781,0.04744482428343559,0.1090935005049779,0.3731853706385652,0.12498765832216537,PATIENT_25
148.87654320987716,0.046254362963202976,0.09516239586469254,0.11284141522759232,0.12498765832216537,PATIENT_25
173.11813186813268,0.04566145642471071,0.08445736227758234,-0.027336653019357216,0.12498765832216537,PATIENT_25
55.88614540466409,0.051179034584849646,0.17031730650613636,0.666785970367242,0.12498765832216537,PATIENT_25
176.00892857142696,0.046750827596443,0.08500310112191937,-0.04764667456459876,0.12498765832216537,PATIENT_25
164.94719999999916,0.04708460470259865,0.09226481702603431,-0.003256728682851766,0.12498765832216537,PATIENT_25
167.1220238095222,0.04638228385568021,0.09195961977122877,0.003974487157859861,0.12498765832216537,PATIENT_25
157.1295999999989,0.04850402045191688,0.08896355342472409,0.061988279963536425,0.12498765832216537,PATIENT_25
164.4892857142861,0.047110378422403516,0.09036808890862175,0.03972180439930301,0.12498765832216537,PATIENT_25
176.6942148760335,0.04934946658056279,0.09446221505426683,-0.11801242907094654,0.12498765832216537,PATIENT_25
145.18214285714353,0.04943881499966855,0.14065402766001836,0.13600789066054877,0.12498765832216537,PATIENT_25
157.35950413223188,0.04960829422951646,0.10766068103085902,0.05497555171748127,0.12498765832216537,PATIENT_25
93.15343915343895,0.03888078956798667,0.13096567209905552,0.8109655398102943,0.16813409636412183,PATIENT_26
372.2386831275766,0.03418363729595965,0.06829297884490483,0.2416237163446509,0.16813409636412183,PATIENT_26
264.5740740740717,0.03502169919278728,0.08645106781314381,0.4610546941835834,0.16813409636412183,PATIENT_26
225.42935528120955,0.035678482314513496,0.09297072313906586,0.5429380073076584,0.16813409636412183,PATIENT_26
257.8200549450558,0.035088021358365064,0.09201222033504519,0.4780632590306245,0.16813409636412183,PATIENT_26
372.2386831275766,0.03418363729595965,0.06829297884490483,0.2416237163446509,0.16813409636412183,PATIENT_26
494.0412087912096,0.03410634345586597,0.06767864730911903,-0.0025960272138984743,0.16813409636412183,PATIENT_26
225.42935528120955,0.035678482314513496,0.09297072313906586,0.5429380073076584,0.16813409636412183,PATIENT_26
411.0565476190407,0.034612212350037815,0.051583502024675924,0.16775290905630866,0.16813409636412183,PATIENT_26
476.991999999994,0.03600888779176542,0.05216632228136786,0.022414358513470033,0.16813409636412183,PATIENT_26
474.26636904760994,0.034371456733484525,0.05902293811455271,0.020614804298324154,0.16813409636412183,PATIENT_26
424.6607999999952,0.03561572686328267,0.0533585388018064,0.1456655074784547,0.16813409636412183,PATIENT_26
475.7714285714314,0.036487172753040455,0.05301873125826326,0.01082529059119329,0.16813409636412183,PATIENT_26
459.6818181818208,0.03912003353049926,0.06430705083594423,0.013482418598978864,0.16813409636412183,PATIENT_26
500.9892857142875,0.03732954457208389,0.04924750393397863,-0.08527930940780205,0.16813409636412183,PATIENT_26
439.8719008264484,0.038153275439296586,0.06873488511645692,0.12066789165833275,0.16813409636412183,PATIENT_26
53.739417989418044,0.04367083073867497,0.17651888216154354,0.8473193107404622,0.15549070219843394,PATIENT_27
222.86968449931604,0.037554180581629716,0.0914348208504136,0.36365065784865286,0.15549070219843394,PATIENT_27
139.1388888888881,0.03879068332966952,0.1027399655638127,0.6049237778078815,0.15549070219843394,PATIENT_27
85.76817558299109,0.04202324741300564,0.13704882766202295,0.7550199532617421,0.15549070219843394,PATIENT_27
155.50549450549497,0.038571761214557874,0.09747580464540652,0.553647386965107,0.15549070219843394,PATIENT_27
222.86968449931604,0.037554180581629716,0.0914348208504136,0.36365065784865286,0.15549070219843394,PATIENT_27
291.14697802197907,0.0373161475472698,0.06774529550494765,0.17002586444704326,0.15549070219843394,PATIENT_27
85.76817558299109,0.04202324741300564,0.13704882766202295,0.7550199532617421,0.15549070219843394,PATIENT_27
289.68898809523415,0.03786610312499819,0.07629421487594186,0.1479497879286245,0.15549070219843394,PATIENT_27
323.5023999999966,0.03938730760029105,0.058326934767602576,0.057031786846622017,0.15549070219843394,PATIENT_27
338.6339285714236,0.03835996653169616,0.07579336617410126,0.05125080908341406,0.15549070219843394,PATIENT_27
295.1823999999972,0.038649191453379056,0.08313016123119572,0.1362834451505187,0.15549070219843394,PATIENT_27
377.25357142857257,0.04028755061670906,0.06653043204832623,-0.09760880531000939,0.15549070219843394,PATIENT_27
287.4855371900834,0.04343759512733215,0.07897980838422178,0.09366732638065978,0.15549070219843394,PATIENT_27
242.33750000000055,0.04149625013793681,0.08053399532929607,0.2908268732493791,0.15549070219843394,PATIENT_27
338.4710743801667,0.042216563515914615,0.06308311502516878,0.01453999720353597,0.15549070219843394,PATIENT_27
45.31084656084648,0.052420019101677984,0.20890469653823593,0.8620432249571109,0.15305558135791267,PATIENT_28
241.9657064471898,0.04092300107044314,0.07877011107735386,0.2731826256569282,0.15305558135791267,PATIENT_28
192.35317460317341,0.04034933609171837,0.0895939399781425,0.42306638061483126,0.15305558135791267,PATIENT_28
179.59396433470715,0.04122079341925092,0.09898727060059034,0.46021911608803934,0.15305558135791267,PATIENT_28
142.18681318681362,0.04429811949614611,0.13116937044841642,0.5636509328181754,0.15305558135791267,PATIENT_28
241.9657064471898,0.04092300107044314,0.07877011107735386,0.2731826256569282,0.15305558135791267,PATIENT_28
357.436813186814,0.03943049476485554,0.06036232422618573,-0.07516673258528053,0.15305558135791267,PATIENT_28
179.59396433470715,0.04122079341925092,0.09898727060059034,0.46021911608803934,0.15305558135791267,PATIENT_28
301.38392857142435,0.04106441882900756,0.07775336998448514,0.06530654942296042,0.15305558135791267,PATIENT_28
345.6511999999973,0.04139951690539325,0.07201619516875599,-0.08544132330266131,0.15305558135791267,PATIENT_28
322.5967261904712,0.040603463242982654,0.07418866473737687,-0.010385367748974703,0.15305558135791267,PATIENT_28
373.5055999999967,0.04202856171700319,0.07352296775672139,-0.16763791810506887,0.15305558135791267,PATIENT_28
332.21428571428754,0.04274539001280672,0.0755517491463361,-0.05185151082297768,0.15305558135791267,PATIENT_28
345.2252066115715,0.04571208035090437,0.07567278521403183,-0.11488178712221393,0.15305558135791267,PATIENT_28
305.6035714285723,0.04028755061670905,0.07905918378940814,0.05860477338645752,0.15305558135791267,PATIENT_28
300.17768595041485,0.04296825277497013,0.07303388105527024,-0.00641232984638187,0.15305558135791267,PATIENT_28
92.37962962962943,0.03978162233286365,0.13810854453126106,0.8315778773025045,0.16975206181416022,PATIENT_29
424.02057613169376,0.033092834243662494,0.05864234315693738,0.22992829456054623,0.16975206181416022,PATIENT_29
298.88359788359526,0.03455648274500792,0.08080246328073687,0.459155513070228,0.16975206181416022,PATIENT_29
235.32921810699864,0.03525403916569717,0.08951275030374266,0.5732990591714306,0.16975206181416022,PATIENT_29
266.9024725274731,0.034723144669682994,0.07557202977989891,0.5110036818746367,0.16975206181416022,PATIENT_29
424.02057613169376,0.033092834243662494,0.05864234315693738,0.22992829456054623,0.16975206181416022,PATIENT_29
552.247252747254,0.03280926074861603,0.05538063283716247,0.00024405502215143812,0.16975206181416022,PATIENT_29
235.32921810699864,0.03525403916569717,0.08951275030374266,0.5732990591714306,0.16975206181416022,PATIENT_29
456.94940476189674,0.034660162794201824,0.05553208450597946,0.15263561927725458,0.16975206181416022,PATIENT_29
475.96959999999297,0.03574129264590118,0.0572059577773435,0.12476556194139952,0.16975206181416022,PATIENT_29
500.3749999999911,0.033835764883636245,0.051254020239308515,0.0921767896200284,0.16975206181416022,PATIENT_29
483.95359999999397,0.03584857040385225,0.054358582262566235,0.10294002159902861,0.16975206181416022,PATIENT_29
494.8535714285742,0.03677010764638234,0.05996505683767956,0.03816826216966356,0.16975206181416022,PATIENT_29
474.0041322314072,0.03834857684560069,0.062143527118384737,0.1259036395819206,0.16975206181416022,PATIENT_29
507.6910714285746,0.03564725853156649,0.04506566020763187,0.06087619265360815,0.16975206181416022,PATIENT_29
530.2685950413246,0.03832073758469332,0.048837025362291994,-0.016560881602433547,0.16975206181416022,PATIENT_29
41.156084656084616,0.04946630145850553,0.1811799615394973,0.8693935429165808,0.144777691469008,PATIENT_30
180.78737997256633,0.04249080521737655,0.10683737776668027,0.4141673634155616,0.144777691469008,PATIENT_30
143.87037037036944,0.04192307934322852,0.10773959652995846,0.5356523818062296,0.144777691469008,PATIENT_30
128.80932784636565,0.04256823223369844,0.1099241993941791,0.5827184015881138,0.144777691469008,PATIENT_30
123.37362637362668,0.042560256551730125,0.10652434466088308,0.6081516056285718,0.144777691469008,PATIENT_30
180.78737997256633,0.04249080521737655,0.10683737776668027,0.4141673634155616,0.144777691469008,PATIENT_30
258.62087912088015,0.040898557502636,0.09086528337833545,0.1467366471016207,0.144777691469008,PATIENT_30
128.80932784636565,0.04256823223369844,0.1099241993941791,0.5827184015881138,0.144777691469008,PATIENT_30
251.13095238094914,0.041799321146393,0.07238024407130704,0.21707492915258614,0.144777691469008,PATIENT_30
295.5471999999978,0.04184542985798981,0.08884542011527652,0.01977210362882912,0.144777691469008,PATIENT_30
316.4538690476146,0.042076534272614895,0.08568678074296075,-0.03257827708565355,0.144777691469008,PATIENT_30
314.252799999997,0.04173823187438525,0.06678497944062597,-0.042630582908594505,0.144777691469008,PATIENT_30
320.46964285714387,0.041726148019814224,0.06726368389516411,0.014946220260553937,0.144777691469008,PATIENT_30
309.03305785124087,0.04375582352179236,0.058809505507466574,0.05378552981168058,0.144777691469008,PATIENT_30
297.85535714285794,0.04155384385078627,0.07722574358626504,0.05183795530503924,0.144777691469008,PATIENT_30
375.4380165289266,0.043682591966665484,0.05748370897318861,-0.16171696956543977,0.144777691469008,PATIENT_30
104.75264550264504,0.03920568871766878,0.13452901156616012,0.8272731770891366,0.1673115939667518,PATIENT_31
482.0438957476071,0.034675513469862175,0.06464361444539997,0.21088805654728277,0.1673115939667518,PATIENT_31
333.5449735449709,0.03499671046381699,0.07503106651327168,0.45494707916527954,0.1673115939667518,PATIENT_31
261.91083676269176,0.035993530215095076,0.07774800410765256,0.5705599589307819,0.1673115939667518,PATIENT_31
323.03296703296814,0.0342581426190659,0.06462756974091716,0.46602017384814176,0.1673115939667518,PATIENT_31
482.0438957476071,0.034675513469862175,0.06464361444539997,0.21088805654728277,0.1673115939667518,PATIENT_31
656.8035714285742,0.03405097597868295,0.05494571705135965,-0.07805698287432052,0.1673115939667518,PATIENT_31
261.91083676269176,0.035993530215095076,0.07774800410765256,0.5705599589307819,0.1673115939667518,PATIENT_31
627.3080357142742,0.03502560207124852,0.042522038607949855,-0.03801893593641474,0.1673115939667518,PATIENT_31
614.8175999999926,0.035848570403852247,0.04184241722971949,-0.02185568590477927,0.1673115939667518,PATIENT_31
637.0788690476078,0.034644186686971785,0.05622901275935005,-0.039608458287441625,0.1673115939667518,PATIENT_31
683.3295999999929,0.03554377582643627,0.041258526918957095,-0.1337614727456748,0.1673115939667518,PATIENT_31
646.257142857145,0.037308182885314796,0.04499845044875727,-0.07987813961598396,0.1673115939667518,PATIENT_31
600.5929752066132,0.03931053221165411,0.049278354239723335,0.03476996882137558,0.1673115939667518,PATIENT_31
665.3160714285737,0.036813443085872165,0.04598086637206198,-0.04700361983392356,0.1673115939667518,PATIENT_31
525.1983471074404,0.03778789495490092,0.04471111541047626,0.17956691440064215,0.1673115939667518,PATIENT_31
62.24735449735437,0.04414899277322377,0.15888933397054253,0.7464182100081819,0.14928509554924466,PATIENT_32
210.13305898491305,0.03973319165421256,0.08522658103032518,0.13897206169302512,0.14928509554924466,PATIENT_32
120.55291005290938,0.03982557994001185,0.10936732185571231,0.5064807861063236,0.14928509554924466,PATIENT_32
53.813443072702604,0.045194687268959526,0.16738342392837838,0.7795549710869824,0.14928509554924466,PATIENT_32
165.55631868131928,0.03987067382884644,0.09528320250262085,0.3264783097467389,0.14928509554924466,PATIENT_32
210.13305898491305,0.03973319165421256,0.08522658103032518,0.13897206169302512,0.14928509554924466,PATIENT_32
248.60989010989096,0.03785580708659551,0.07569322291694032,-0.014072099143433724,0.14928509554924466,PATIENT_32
53.813443072702604,0.045194687268959526,0.16738342392837838,0.7795549710869824,0.14928509554924466,PATIENT_32
259.78273809523375,0.03857583749052276,0.07307080502965593,-0.04112001393819349,0.14928509554924466,PATIENT_32
275.3791999999976,0.039208162415496337,0.06773578247220033,-0.10901295249187255,0.14928509554924466,PATIENT_32
284.01636904761517,0.03925864868533584,0.08502848703597815,-0.1637617239021868,0.14928509554924466,PATIENT_32
214.86239999999776,0.03990388452268704,0.07595519487231421,0.1297661660322559,0.14928509554924466,PATIENT_32
265.8678571428576,0.04191676640823415,0.07711667368676255,-0.05904031743102624,0.14928509554924466,PATIENT_32
207.60330578512483,0.04216597444619564,0.06819498171011718,0.17300647782389125,0.14928509554924466,PATIENT_32
227.44107142857175,0.041303691093644415,0.0733746266109198,0.06456366022810277,0.14928509554924466,PATIENT_32
262.7314049586786,0.04338842975206638,0.06441117833964656,-0.08865659400372224,0.14928509554924466,PATIENT_32
63.60052910052873,0.044905410573459856,0.1677408373470035,0.8776352549665433,0.15934559708061777,PATIENT_33
281.57338820302164,0.037516582527236345,0.06516025559104725,0.4627678538695476,0.15934559708061777,PATIENT_33
200.15343915343726,0.038450904374996,0.09433401688621074,0.6187852432354977,0.15934559708061777,PATIENT_33
153.17695473251217,0.03929269022607077,0.10448502934985023,0.7077274774339894,0.15934559708061777,PATIENT_33
189.15521978022053,0.038314081541157924,0.0985317242696075,0.6345248604062595,0.15934559708061777,PATIENT_33
281.57338820302164,0.037516582527236345,0.06516025559104725,0.4627678538695476,0.15934559708061777,PATIENT_33
378.5535714285721,0.03710062867052094,0.07160290375300861,0.2605785428163153,0.15934559708061777,PATIENT_33
153.17695473251217,0.03929269022607077,0.10448502934985023,0.7077274774339894,0.15934559708061777,PATIENT_33
374.0833333333267,0.036768300894659156,0.07281587224035282,0.2660374678012198,0.15934559708061777,PATIENT_33
502.89919999999387,0.0387484193225986,0.059355601395126134,-0.02420569614465291,0.15934559708061777,PATIENT_33
506.46577380951464,0.03715771127733154,0.04997666028688914,-0.0102352268813326,0.15934559708061777,PATIENT_33
374.1999999999957,0.03951708491273023,0.07863685587102413,0.2511644168387322,0.15934559708061777,PATIENT_33
459.19464285714486,0.03922479042230163,0.05759200107353059,0.08003195700979598,0.15934559708061777,PATIENT_33
446.55165289256405,0.04111518335151355,0.05668366360666833,0.015015890901654127,0.15934559708061777,PATIENT_33
456.532142857145,0.03856894833295587,0.0650975507377928,0.06738942180774256,0.15934559708061777,PATIENT_33
392.4793388429773,0.04082866290365633,0.06814793389726058,0.1576535274785818,0.15934559708061777,PATIENT_33
23.15211640211639,0.059699915853951104,0.22165401211867128,0.8415671934353005,0.12714724410749909,PATIENT_34
104.88477366255188,0.0474194403770747,0.12753302643242598,0.2877542717456487,0.12714724410749909,PATIENT_34
77.35052910052895,0.048094335880152835,0.14188361822079598,0.4761519950819544,0.12714724410749909,PATIENT_34
58.722908093278605,0.05062453247529771,0.16695834647345392,0.599464864121541,0.12714724410749909,PATIENT_34
65.4368131868135,0.049507750799286016,0.13872132765288228,0.5529502811309572,0.12714724410749909,PATIENT_34
104.88477366255188,0.0474194403770747,0.12753302643242598,0.2877542717456487,0.12714724410749909,PATIENT_34
133.61401098901146,0.045805857144321636,0.10925483775389504,0.09944040405816985,0.12714724410749909,PATIENT_34
58.722908093278605,0.05062453247529771,0.16695834647345392,0.599464864121541,0.12714724410749909,PATIENT_34
120.25744047618923,0.04721039309290212,0.09621815658224074,0.18678298266542623,0.12714724410749909,PATIENT_34
164.12479999999863,0.047531042488041145,0.08063111320129814,-0.08556786741124801,0.12714724410749909,PATIENT_34
162.18452380952237,0.0467626677454479,0.09291487166397311,-0.07797000350090337,0.12714724410749909,PATIENT_34
132.17279999999874,0.0489897948556634,0.10836856869958929,0.11823991190801715,0.12714724410749909,PATIENT_34
150.55535714285782,0.04942268751106468,0.1064587887373522,-0.008157745938254668,0.12714724410749909,PATIENT_34
141.76859504132258,0.050609292206264075,0.10374631752641565,0.017542746911352398,0.12714724410749909,PATIENT_34
131.59464285714353,0.050000000000000225,0.10605117984851854,0.0676540835719705,0.12714724410749909,PATIENT_34
149.11983471074404,0.04863058799975151,0.09467738260443291,0.00922488408269432,0.12714724410749909,PATIENT_34
69.82539682539665,0.045486108105950614,0.1766570928320803,0.9136985595912877,0.16025321585859006,PATIENT_35
406.85048010974447,0.036705317312098446,0.07127240912503005,0.499990507042824,0.16025321585859006,PATIENT_35
362.0992063492047,0.03741305720563713,0.06485872779800159,0.5537020211677982,0.16025321585859006,PATIENT_35
380.00960219479236,0.03740356160339155,0.08265602002359046,0.5333599384339069,0.16025321585859006,PATIENT_35
230.35302197802275,0.0394185298139611,0.09249111905682335,0.7170875179329559,0.16025321585859006,PATIENT_35
406.85048010974447,0.036705317312098446,0.07127240912503005,0.499990507042824,0.16025321585859006,PATIENT_35
651.2019230769258,0.03503420534301354,0.053786412403716156,0.18160998895622646,0.16025321585859006,PATIENT_35
380.00960219479236,0.03740356160339155,0.08265602002359046,0.5333599384339069,0.16025321585859006,PATIENT_35
561.049107142847,0.036435549246116014,0.054685752951592795,0.3166786847832845,0.16025321585859006,PATIENT_35
650.2959999999936,0.03690420030294587,0.05806401759177227,0.19937477626284053,0.16025321585859006,PATIENT_35
754.2008928571285,0.035698781356829815,0.04886196614717887,0.07780345439468048,0.16025321585859006,PATIENT_35
751.758399999992,0.03660819580367147,0.05015228447944989,0.07863087848889372,0.16025321585859006,PATIENT_35
746.185714285716,0.0379017594228415,0.04109268016412128,0.11983969068334206,0.16025321585859006,PATIENT_35
712.3140495867801,0.03936479108111117,0.04679857408170195,0.12913101205830876,0.16025321585859006,PATIENT_35
843.3625000000023,0.038610264840071004,0.054463381566561955,-0.08253962004503324,0.16025321585859006,PATIENT_35
836.8615702479369,0.039688786595658436,0.043268453189254596,-0.02014179310924639,0.16025321585859006,PATIENT_35
77.85317460317445,0.04663519196773582,0.1746817670847601,0.8920933634319455,0.1573609912847154,PATIENT_36
516.6886145404726,0.03607186225598066,0.06832924789367249,0.2916170240041455,0.1573609912847154,PATIENT_36
426.838624338622,0.03778533560075549,0.06049706113594299,0.42000631257659793,0.1573609912847154,PATIENT_36
396.5432098765472,0.03732802420902065,0.0624616995666668,0.45581489304907635,0.1573609912847154,PATIENT_36
255.88873626373666,0.03990615122619241,0.1063227647989797,0.642440553281721,0.1573609912847154,PATIENT_36
516.6886145404726,0.03607186225598066,0.06832924789367249,0.2916170240041455,0.1573609912847154,PATIENT_36
750.3543956043997,0.036549820592445485,0.05227033725934379,-0.020204551621342968,0.1573609912847154,PATIENT_36
396.5432098765472,0.03732802420902065,0.0624616995666668,0.45581489304907635,0.1573609912847154,PATIENT_36
590.0595238095134,0.03879050713612117,0.06910995765763515,0.1604455660120258,0.1573609912847154,PATIENT_36
787.9151999999921,0.03912646163403924,0.05961259441245255,-0.10548526989518814,0.1573609912847154,PATIENT_36
790.2142857142725,0.03783685159253209,0.04708520597578625,-0.12590806452564557,0.1573609912847154,PATIENT_36
593.3775999999933,0.0381324009210009,0.062007059290513714,0.14981324872844828,0.1573609912847154,PATIENT_36
731.8410714285727,0.0390005886925744,0.06565717221727892,-0.038400842678573764,0.1573609912847154,PATIENT_36
659.5599173553748,0.04152841165752464,0.058062827596702046,0.05262226237125388,0.1573609912847154,PATIENT_36
697.7875000000009,0.03986984564601111,0.04758087575820503,-0.026155453649690134,0.1573609912847154,PATIENT_36
630.2355371900851,0.042543926202425884,0.0522233050903087,0.029492143608161644,0.1573609912847154,PATIENT_36
58.35978835978821,0.04285183519292316,0.166138553702036,0.9037598745924222,0.1639193406318945,PATIENT_37
350.18792866941436,0.03555961974435102,0.06614341017299347,0.403739549509179,0.1639193406318945,PATIENT_37
285.6388888888867,0.035738772714566575,0.09055839716920568,0.5162653830590558,0.1639193406318945,PATIENT_37
270.32373113854896,0.03727758091001772,0.09759458312555394,0.5397091290556201,0.1639193406318945,PATIENT_37
186.78708791208865,0.0375681162944435,0.091768026365951,0.6884856331754048,0.1639193406318945,PATIENT_37
350.18792866941436,0.03555961974435102,0.06614341017299347,0.403739549509179,0.1639193406318945,PATIENT_37
598.8901098901124,0.033702868534025716,0.0583457415333553,-0.006446904604346289,0.1639193406318945,PATIENT_37
270.32373113854896,0.03727758091001772,0.09759458312555394,0.5397091290556201,0.1639193406318945,PATIENT_37
436.8437499999926,0.03500979272624482,0.06529819054244629,0.25257606060070426,0.1639193406318945,PATIENT_37
548.5023999999929,0.03676520093784262,0.05398525449771864,0.05282466476291527,0.1639193406318945,PATIENT_37
540.8526785714184,0.03485130484711324,0.045204745477961536,0.09583567122661962,0.1639193406318945,PATIENT_37
569.9647999999922,0.03707721672401992,0.07177381543204232,0.005822872561641001,0.1639193406318945,PATIENT_37
594.7625000000022,0.03800677973891585,0.06264211018936734,-0.01384099706423849,0.1639193406318945,PATIENT_37
430.526859504134,0.040776351975187385,0.06364021222691862,0.26060709103925006,0.1639193406318945,PATIENT_37
468.3285714285743,0.0382784841254038,0.0726619348299989,0.20884436129583642,0.1639193406318945,PATIENT_37
491.36983471074655,0.040090098991595914,0.04954218060308766,0.08895434891756629,0.1639193406318945,PATIENT_37
31.74603174603172,0.05292658471889539,0.201785071591815,0.8519385160325597,0.14134067059241362,PATIENT_38
158.60493827160622,0.042034440181192866,0.09028652539414424,0.2628645132853936,0.14134067059241362,PATIENT_38
135.3862433862428,0.042431256434775994,0.09708884058513707,0.37791527327301955,0.14134067059241362,PATIENT_38
127.5116598079573,0.042379949810084125,0.10500362853046741,0.40777885034806016,0.14134067059241362,PATIENT_38
92.21978021978062,0.04451058171983436,0.12740827732351073,0.5660668467010267,0.14134067059241362,PATIENT_38
158.60493827160622,0.042034440181192866,0.09028652539414424,0.2628645132853936,0.14134067059241362,PATIENT_38
221.67994505494616,0.041493976557673916,0.09037701972448635,-0.020706351277398508,0.14134067059241362,PATIENT_38
127.5116598079573,0.042379949810084125,0.10500362853046741,0.40777885034806016,0.14134067059241362,PATIENT_38
180.61160714285447,0.04174630993781386,0.08621464666386415,0.15149392690975336,0.14134067059241362,PATIENT_38
187.36159999999822,0.04311101947298328,0.09395458776220947,0.11915458144535883,0.14134067059241362,PATIENT_38
188.3526785714258,0.04183903547473055,0.09012492665722238,0.10830589443570919,0.14134067059241362,PATIENT_38
169.72319999999849,0.04331835638617815,0.09510161221707043,0.20797839662351286,0.14134067059241362,PATIENT_38
206.910714285715,0.04353994764370239,0.08098421845966608,0.023509470892057887,0.14134067059241362,PATIENT_38
207.0103305785129,0.04587521345284016,0.08013818722199949,-0.03219191561116819,0.14134067059241362,PATIENT_38
193.98214285714354,0.04410388941153047,0.0958601252294819,0.04320073080182468,0.14134067059241362,PATIENT_38
193.62603305785169,0.04540756399966121,0.06931115841502608,0.01264141874520142,0.14134067059241362,PATIENT_38
53.52777777777767,0.0538523888513817,0.18430874393770177,0.8084382881437596,0.13114616860446704,PATIENT_39
199.73525377229174,0.044671219445635,0.09561135561369548,0.28348196347179366,0.13114616860446704,PATIENT_39
127.64814814814822,0.04756390104858504,0.12820249540102838,0.5369476261260322,0.13114616860446704,PATIENT_39
80.50480109739395,0.05167299918199567,0.1377807780591015,0.7110300051040355,0.13114616860446704,PATIENT_39
147.01785714285757,0.04667298628580225,0.11273017663293362,0.473358536120653,0.13114616860446704,PATIENT_39
199.73525377229174,0.044671219445635,0.09561135561369548,0.28348196347179366,0.13114616860446704,PATIENT_39
261.2829670329676,0.044700934327673136,0.09206494107170182,0.0545731463987585,0.13114616860446704,PATIENT_39
80.50480109739395,0.05167299918199567,0.1377807780591015,0.7110300051040355,0.13114616860446704,PATIENT_39
266.44642857142605,0.044518676493010306,0.07748633801399223,0.031665314636690235,0.13114616860446704,PATIENT_39
301.93599999999793,0.046012172302554576,0.07337607238464991,-0.08423397242147272,0.13114616860446704,PATIENT_39
283.24851190475886,0.04486551616571793,0.0734435959796257,-0.004526930847533937,0.13114616860446704,PATIENT_39
246.26079999999823,0.04512737528374504,0.08445268492612498,0.12211313292287589,0.13114616860446704,PATIENT_39
324.54285714285777,0.04783248298563905,0.07438959085622955,-0.1885047315797577,0.13114616860446704,PATIENT_39
277.1673553719014,0.04727298011837838,0.07036792919234362,0.04181253420688701,0.13114616860446704,PATIENT_39
276.33928571428663,0.046170298120885564,0.07450513388748245,0.040645607203026804,0.13114616860446704,PATIENT_39
315.5371900826458,0.047272980118378514,0.0677563069273015,-0.08488795356552375,0.13114616860446704,PATIENT_39
54.53835978835951,0.04591681205743301,0.200777659202583,0.9043554866304496,0.16229920835042128,PATIENT_40
321.2277091906762,0.03618904240952857,0.06962497760134427,0.4406357537119667,0.16229920835042128,PATIENT_40
294.7420634920608,0.03630946357489596,0.07621454972797823,0.48636542477957045,0.16229920835042128,PATIENT_40
307.3031550068629,0.036189042409528555,0.06889678848630629,0.46490356619279743,0.16229920835042128,PATIENT_40
170.76236263736294,0.038178412389251064,0.10701383711507077,0.7017345987711502,0.16229920835042128,PATIENT_40
321.2277091906762,0.03618904240952857,0.06962497760134427,0.4406357537119667,0.16229920835042128,PATIENT_40
544.307692307694,0.035329178982449985,0.053832063425820934,0.049078953277615404,0.16229920835042128,PATIENT_40
307.3031550068629,0.036189042409528555,0.06889678848630629,0.46490356619279743,0.16229920835042128,PATIENT_40
367.29613095237426,0.03638993827570581,0.07014779869441734,0.3457292739808527,0.16229920835042128,PATIENT_40
614.4239999999937,0.036765200937842676,0.05813791036735439,-0.0735556598001993,0.16229920835042128,PATIENT_40
616.4613095237977,0.036662752960579074,0.06349911637126525,-0.0776080201108649,0.16229920835042128,PATIENT_40
528.4079999999943,0.036026656797431965,0.05190406336713474,0.0788785349468085,0.16229920835042128,PATIENT_40
589.3250000000035,0.038506890451514175,0.05649297206279016,0.0014115468465619998,0.16229920835042128,PATIENT_40
560.3677685950435,0.04211532460875958,0.0476993476082216,-0.0490544713110226,0.16229920835042128,PATIENT_40
546.7785714285744,0.03856894833295587,0.06521712212150564,0.008904336806486831,0.16229920835042128,PATIENT_40
479.0061983471094,0.040750171329165634,0.07077981565135293,0.11600459905760296,0.16229920835042128,PATIENT_40
67.16137566137546,0.04397029137194331,0.1659256430348989,0.897502355527755,0.16341520064530451,PATIENT_41
422.8024691358089,0.035280716459840586,0.070774132159246,0.3501903150465312,0.16341520064530451,PATIENT_41
360.73015873015623,0.03467021804783333,0.06426036091001024,0.4377280812516411,0.16341520064530451,PATIENT_41
353.5294924554224,0.03596738162449142,0.05998874355914036,0.45635848158020764,0.16341520064530451,PATIENT_41
222.1648351648362,0.03832639128654888,0.10518316348230117,0.6659166311048974,0.16341520064530451,PATIENT_41
422.8024691358089,0.035280716459840586,0.070774132159246,0.3501903150465312,0.16341520064530451,PATIENT_41
643.2335164835187,0.034354392858241455,0.04524898316933714,-0.018922443432312572,0.16341520064530451,PATIENT_41
353.5294924554224,0.03596738162449142,0.05998874355914036,0.45635848158020764,0.16341520064530451,PATIENT_41
552.413690476181,0.03566775242323386,0.05830291470159415,0.17900194861215035,0.16341520064530451,PATIENT_41
781.4543999999904,0.03662567405523,0.04823913211214195,-0.18994928529600744,0.16341520064530451,PATIENT_41
693.6681547618922,0.035992222090617566,0.05076677346467574,-0.11181780337030954,0.16341520064530451,PATIENT_41
608.9951999999925,0.035937723912345225,0.04679137432969881,0.07280597707743273,0.16341520064530451,PATIENT_41
724.7303571428587,0.038132422328683455,0.04924626704716735,-0.08468905740378843,0.16341520064530451,PATIENT_41
599.7995867768609,0.03947308507136971,0.044550597927601264,0.046435428975953486,0.16341520064530451,PATIENT_41
646.594642857145,0.038733949934792816,0.05062575015097074,-0.042865002047405766,0.16341520064530451,PATIENT_41
610.241735537192,0.0403289696197175,0.03914624319863551,-0.014214335776617494,0.16341520064530451,PATIENT_41
128.57671957671886,0.041090541182563375,0.14162776252586065,0.845561972662606,0.16630476123058524,PATIENT_42
638.0150891632456,0.03451233367739181,0.05291531656793583,0.24200369270481029,0.16630476123058524,PATIENT_42
486.61772486772213,0.03505914889073664,0.06776724944152833,0.42773860058022917,0.16630476123058524,PATIENT_42
423.5514403292241,0.036019659823048285,0.06555994496607793,0.49820627312199767,0.16630476123058524,PATIENT_42
416.3063186813205,0.03639461895464794,0.0795660066861041,0.5008234035213497,0.16630476123058524,PATIENT_42
638.0150891632456,0.03451233367739181,0.05291531656793583,0.24200369270481029,0.16630476123058524,PATIENT_42
995.8434065934106,0.035462446822598005,0.04671128466076347,-0.17845556809747,0.16630476123058524,PATIENT_42
423.5514403292241,0.036019659823048285,0.06555994496607793,0.49820627312199767,0.16630476123058524,PATIENT_42
915.9345238095062,0.03527758806883746,0.0457638714503253,-0.09949658152652326,0.16630476123058524,PATIENT_42
860.1711999999927,0.03579497171391473,0.04164985296097971,-0.010273574237096473,0.16630476123058524,PATIENT_42
896.8169642856968,0.034692092937126336,0.03736409035902744,-0.050738416470827157,0.16630476123058524,PATIENT_42
914.6783999999883,0.03550774563387479,0.042249547120199946,-0.06478296983085036,0.16630476123058524,PATIENT_42
885.5125000000019,0.03821595456970144,0.0493561227232029,-0.08454595442347836,0.16630476123058524,PATIENT_42
726.1033057851272,0.03851518983947811,0.049107739924221995,0.12479962948247486,0.16630476123058524,PATIENT_42
885.6714285714302,0.03760614230116571,0.045435094360079614,-0.013431129888451908,0.16630476123058524,PATIENT_42
953.6714876033104,0.03854288864912765,0.04845950664509161,-0.1073807350735854,0.16630476123058524,PATIENT_42
36.64021164021164,0.055128745989880046,0.2163084606887851,0.8434071901054443,0.1371019650811807,PATIENT_43
173.58847736625611,0.04458689427474669,0.09751372812742837,0.26568949352748045,0.1371019650811807,PATIENT_43
140.0066137566132,0.04281098500709563,0.10053001129854747,0.4101199237908225,0.1371019650811807,PATIENT_43
130.2866941015097,0.04357305946301445,0.10475562964899579,0.44965014137532766,0.1371019650811807,PATIENT_43
109.08104395604431,0.046021608702612474,0.11520191870472112,0.5346348390863309,0.1371019650811807,PATIENT_43
173.58847736625611,0.04458689427474669,0.09751372812742837,0.26568949352748045,0.1371019650811807,PATIENT_43
225.37225274725358,0.04223761500418101,0.06743409440696915,0.0277306957907684,0.1371019650811807,PATIENT_43
130.2866941015097,0.04357305946301445,0.10475562964899579,0.44965014137532766,0.1371019650811807,PATIENT_43
198.94791666666438,0.04398070448253439,0.09936283263355462,0.15443102882507048,0.1371019650811807,PATIENT_43
226.56479999999792,0.044699888143036305,0.0739354188588641,0.014184718098307944,0.1371019650811807,PATIENT_43
224.39880952380713,0.04302628659166923,0.08710300996082344,0.03588622307759764,0.1371019650811807,PATIENT_43
218.39359999999832,0.044108956006688134,0.09104990865959468,0.060382998067060906,0.1371019650811807,PATIENT_43
241.67142857142906,0.044696396467085314,0.06672630990546477,-0.019994476634170665,0.1371019650811807,PATIENT_43
230.00619834710815,0.04610725951326759,0.09070992016498877,-0.010732845548939053,0.1371019650811807,PATIENT_43
220.0000000000007,0.044013419799522495,0.06866826670353797,0.06326807347349833,0.1371019650811807,PATIENT_43
251.53925619834783,0.048012190242240974,0.0950651072866343,-0.0872430424367775,0.1371019650811807,PATIENT_43
63.28703703703699,0.040511621246331994,0.15236973588445538,0.886749315092715,0.16847190353513786,PATIENT_44
318.71604938272066,0.03421114928214022,0.07165435861659598,0.4280895164890419,0.16847190353513786,PATIENT_44
248.88624338624183,0.03434062165541543,0.0956058910539395,0.5484646261667289,0.16847190353513786,PATIENT_44
232.8353909465048,0.035213985330572364,0.07906912393045935,0.5818724279264227,0.16847190353513786,PATIENT_44
201.6085164835171,0.03552889328675168,0.08699352311010937,0.6415034421829131,0.16847190353513786,PATIENT_44
318.71604938272066,0.03421114928214022,0.07165435861659598,0.4280895164890419,0.16847190353513786,PATIENT_44
504.7912087912098,0.033223589622109466,0.056367316671869935,0.09370679857953194,0.16847190353513786,PATIENT_44
232.8353909465048,0.035213985330572364,0.07906912393045935,0.5818724279264227,0.16847190353513786,PATIENT_44
447.7499999999928,0.03467613154086531,0.053390631267359406,0.20045186666263903,0.16847190353513786,PATIENT_44
540.6383999999929,0.034594797296702874,0.048035445857397836,0.03429878826528505,0.16847190353513786,PATIENT_44
537.7842261904661,0.03421001170408439,0.042042122123403525,0.021357133811371446,0.16847190353513786,PATIENT_44
499.1215999999934,0.03509073951913751,0.04988841595435198,0.11567084835076,0.16847190353513786,PATIENT_44
579.6178571428594,0.036224040669823036,0.04530559108258404,-0.004275981568296621,0.16847190353513786,PATIENT_44
610.3615702479367,0.03812529356869028,0.044581695427143804,-0.10963118492512183,0.16847190353513786,PATIENT_44
583.7803571428589,0.03705088200222596,0.05336666828741916,-0.041452532287628935,0.16847190353513786,PATIENT_44
595.8326446281018,0.03876376661011127,0.062313694214579156,-0.09916352498205068,0.16847190353513786,PATIENT_44
52.104497354496964,0.03988045881397144,0.17753932028566932,0.9413906133749077,0.17467390248076778,PATIENT_45
377.94924554184433,0.03260593778876501,0.07422575954360656,0.5847597142211897,0.17467390248076778,PATIENT_45
315.07804232803863,0.03290967011805435,0.06783826348807279,0.6568666541894858,0.17467390248076778,PATIENT_45
286.5432098765472,0.03458041883664134,0.08052088146897265,0.6854730009192243,0.17467390248076778,PATIENT_45
172.43956043956095,0.03519540652560181,0.0956784939249269,0.8056307646117405,0.17467390248076778,PATIENT_45
377.94924554184433,0.03260593778876501,0.07422575954360656,0.5847597142211897,0.17467390248076778,PATIENT_45
704.7843406593435,0.03202347040350209,0.047364706646134735,0.23989118041308882,0.17467390248076778,PATIENT_45
286.5432098765472,0.03458041883664134,0.08052088146897265,0.6854730009192243,0.17467390248076778,PATIENT_45
432.0520833333241,0.032957194330877224,0.05546270173778732,0.5120326281394463,0.17467390248076778,PATIENT_45
885.9279999999861,0.033178306165323676,0.04898911966826204,0.044005120503363214,0.17467390248076778,PATIENT_45
923.9717261904563,0.03241520968867772,0.04524051988399804,0.029604903445180526,0.17467390248076778,PATIENT_45
916.8447999999878,0.03375203697556558,0.04195917423408556,0.013403644632401826,0.17467390248076778,PATIENT_45
747.2178571428598,0.03558010508066318,0.040002316755279974,0.15823365902045097,0.17467390248076778,PATIENT_45
809.3719008264503,0.03727607138981173,0.05279492947202824,0.07405350872406109,0.17467390248076778,PATIENT_45
802.8517857142882,0.03510643437738858,0.05343400163688012,0.08231403625075098,0.17467390248076778,PATIENT_45
968.2231404958743,0.0369598012809886,0.05610143061347643,-0.10364998680361857,0.17467390248076778,PATIENT_45
51.05158730158699,0.04392052305789381,0.18753589119384156,0.8882320653116262,0.1631728578504443,PATIENT_46
206.82030178326693,0.03711316668990111,0.09239555420436041,0.5432831516288228,0.1631728578504443,PATIENT_46
168.39153439153293,0.03695427260502344,0.10993084060365262,0.6275448808233157,0.1631728578504443,PATIENT_46
180.27572016461173,0.03716383315265943,0.09460553588088728,0.6019134598737925,0.1631728578504443,PATIENT_46
156.73076923076988,0.0394663678531834,0.10942779877344358,0.6566903347629635,0.1631728578504443,PATIENT_46
206.82030178326693,0.03711316668990111,0.09239555420436041,0.5432831516288228,0.1631728578504443,PATIENT_46
355.2266483516491,0.03608221301253792,0.060928082091979356,0.2168847854478913,0.1631728578504443,PATIENT_46
180.27572016461173,0.03716383315265943,0.09460553588088728,0.6019134598737925,0.1631728578504443,PATIENT_46
318.2351190476131,0.037557825786082154,0.07438469978818565,0.2924653393166253,0.1631728578504443,PATIENT_46
415.1487999999948,0.03712896443479055,0.04738953710861391,0.07176867603656162,0.1631728578504443,PATIENT_46
428.9122023809448,0.03676830089465911,0.08194754481156638,0.04183915461977251,0.1631728578504443,PATIENT_46
406.3407999999954,0.03707721672401996,0.06383788797164865,0.09373398003887663,0.1631728578504443,PATIENT_46
378.41785714285857,0.038877751887638125,0.0667398970739359,0.14562321590326002,0.1631728578504443,PATIENT_46
436.08471074380327,0.03901075948037057,0.044199506399769925,0.05918833603979905,0.1631728578504443,PATIENT_46
378.6053571428584,0.0385275875185563,0.0613776635382651,0.17783542962529292,0.1631728578504443,PATIENT_46
327.30578512396835,0.03976937304735602,0.06554390254662959,0.26118659916658726,0.1631728578504443,PATIENT_46
35.605820105820136,0.05081844632883212,0.1777849980124383,0.8326979722755573,0.1430287085128854,PATIENT_47
150.74622770919188,0.04329145085887442,0.10798170479614345,0.280764479237425,0.1430287085128854,PATIENT_47
134.24470899470867,0.044641632356312445,0.11051359345006885,0.36665430074856326,0.1430287085128854,PATIENT_47
139.50891632373248,0.04240214407702046,0.11562741312377257,0.3352076627194874,0.1430287085128854,PATIENT_47
103.22664835164878,0.04347044614957899,0.11487029018536549,0.5119063363227974,0.1430287085128854,PATIENT_47
150.74622770919188,0.04329145085887442,0.10798170479614345,0.280764479237425,0.1430287085128854,PATIENT_47
230.9464285714293,0.04267094661266253,0.0840424644190335,-0.08349671227275662,0.1430287085128854,PATIENT_47
139.50891632373248,0.04240214407702046,0.11562741312377257,0.3352076627194874,0.1430287085128854,PATIENT_47
171.00446428571226,0.04361413955283558,0.09315885240363223,0.16404367004202605,0.1430287085128854,PATIENT_47
224.07199999999798,0.04355410428421126,0.08591059248824101,-0.10020129162476793,0.1430287085128854,PATIENT_47
228.71279761904486,0.041346559492409854,0.06943032574397291,-0.08733397793453919,0.1430287085128854,PATIENT_47
222.35519999999835,0.043890773517904096,0.08815831883418333,-0.08872021554422836,0.1430287085128854,PATIENT_47
171.86785714285767,0.045649367968443835,0.10254204629786451,0.16815037354841594,0.1430287085128854,PATIENT_47
200.89049586776912,0.04469691663798357,0.088241369802394,-0.0007556204246566848,0.1430287085128854,PATIENT_47
199.33928571428618,0.04403152859263576,0.09016071114561018,0.10121351875350236,0.1430287085128854,PATIENT_47
189.89256198347175,0.045384055034068,0.0949031599958359,0.027770375887789717,0.1430287085128854,PATIENT_47
41.84523809523804,0.044934623681118877,0.19400455267367264,0.8949405042464931,0.1600038887327282,PATIENT_48
222.73113854595582,0.037264959416204085,0.09107774852231491,0.43514618987007997,0.1600038887327282,PATIENT_48
170.04894179894052,0.03735455356201802,0.09610476595650512,0.5648036472902701,0.1600038887327282,PATIENT_48
148.3593964334716,0.03962649334884639,0.11256898527089294,0.6223548125980634,0.1600038887327282,PATIENT_48
130.9862637362641,0.03898534600636941,0.10554511281437803,0.6749650347083386,0.1600038887327282,PATIENT_48
222.73113854595582,0.037264959416204085,0.09107774852231491,0.43514618987007997,0.1600038887327282,PATIENT_48
343.0989010989019,0.03688385050026816,0.07131419558249441,0.11568380812360478,0.1600038887327282,PATIENT_48
148.3593964334716,0.03962649334884639,0.11256898527089294,0.6223548125980634,0.1600038887327282,PATIENT_48
285.1428571428522,0.03739533295574026,0.07927153936193879,0.30323263576739007,0.1600038887327282,PATIENT_48
367.81599999999594,0.03738662862575275,0.05151104203500202,0.09183292828783006,0.1600038887327282,PATIENT_48
359.1607142857086,0.03809930688836908,0.06789442253496569,0.07317596999149557,0.1600038887327282,PATIENT_48
402.56799999999544,0.0374550397143021,0.07182633525170505,-0.0057816778419689,0.1600038887327282,PATIENT_48
388.65714285714336,0.03920446142875046,0.07266416291603968,-0.009325339590450489,0.1600038887327282,PATIENT_48
376.83677685950585,0.040196438963520355,0.055335718259410915,0.040191277463784786,0.1600038887327282,PATIENT_48
363.75892857142975,0.03891874056732765,0.06013909730204183,0.09574160770543504,0.1600038887327282,PATIENT_48
322.6962809917367,0.04054011750072047,0.07959505585326662,0.1727567940349792,0.1600038887327282,PATIENT_48
37.09788359788357,0.05556342851748194,0.19451293248798018,0.8177585294860078,0.12843629899305525,PATIENT_49
146.3703703703711,0.04566067757775963,0.11152603984766744,0.27983712682373,0.12843629899305525,PATIENT_49
98.80158730158729,0.04654130181417769,0.1088504608556569,0.5233998486625789,0.12843629899305525,PATIENT_49
63.809327846365115,0.04885597755420638,0.14442149503534857,0.6859516174577653,0.12843629899305525,PATIENT_49
105.23901098901142,0.047583813394749375,0.119213601377847,0.4738813834634133,0.12843629899305525,PATIENT_49
146.3703703703711,0.04566067757775963,0.11152603984766744,0.27983712682373,0.12843629899305525,PATIENT_49
188.41208791208842,0.044351330469678645,0.0885625775128653,0.08242452014496404,0.12843629899305525,PATIENT_49
63.809327846365115,0.04885597755420638,0.14442149503534857,0.6859516174577653,0.12843629899305525,PATIENT_49
181.72619047618852,0.044741953507061845,0.0900677791738858,0.07512772737650388,0.12843629899305525,PATIENT_49
211.6559999999988,0.047002978629018526,0.0674456509224764,-0.0880026231616998,0.12843629899305525,PATIENT_49
195.38392857142676,0.045998754512123784,0.07365203770022116,0.021760314987120194,0.12843629899305525,PATIENT_49
176.58399999999833,0.04843800161030562,0.10364588958814863,0.07060326958611841,0.12843629899305525,PATIENT_49
184.2392857142862,0.04615302851185767,0.09963474471938673,0.018111563035459202,0.12843629899305525,PATIENT_49
183.21074380165308,0.05092461794986054,0.11453730373808038,0.03333097136752372,0.12843629899305525,PATIENT_49
190.72678571428628,0.04700873778960087,0.08605290369538923,0.05837887944087315,0.12843629899305525,PATIENT_49
190.85743801652953,0.05127964316525155,0.08539930054650981,-0.06772954588161723,0.12843629899305525,PATIENT_49
99.05952380952367,0.042994505193505145,0.13820705689211008,0.8790803578932891,0.1649414219522543,PATIENT_50
494.71467764061055,0.035533151843590766,0.06162210987867011,0.3920606900279338,0.1649414219522543,PATIENT_50
379.39682539682326,0.035591598008131185,0.0686772041922413,0.5347987344679009,0.1649414219522543,PATIENT_50
337.70919067215885,0.03559928469783592,0.08012413862450463,0.5827041373068,0.1649414219522543,PATIENT_50
306.1978021978033,0.0371514514733478,0.08621714673785917,0.6259701638946455,0.1649414219522543,PATIENT_50
494.71467764061055,0.035533151843590766,0.06162210987867011,0.3920606900279338,0.1649414219522543,PATIENT_50
700.9450549450572,0.035235591588958046,0.06212366761141397,0.14153298245558354,0.1649414219522543,PATIENT_50
337.70919067215885,0.03559928469783592,0.08012413862450463,0.5827041373068,0.1649414219522543,PATIENT_50
627.6175595237992,0.035214760613687286,0.053536588092117726,0.23651524288444625,0.1649414219522543,PATIENT_50
714.3599999999918,0.03638021440288597,0.05417593811376219,0.12609504425842635,0.1649414219522543,PATIENT_50
789.5610119047478,0.03549660845796498,0.04573968965210636,0.02825951804353198,0.1649414219522543,PATIENT_50
623.3775999999922,0.037232244090303596,0.05499963056905879,0.23159415566132188,0.1649414219522543,PATIENT_50
700.5392857142881,0.03657446276475741,0.04893278270042643,0.1646501112576129,0.1649414219522543,PATIENT_50
782.427685950416,0.039715666914754616,0.0469757230895121,0.07536154766382458,0.1649414219522543,PATIENT_50
878.5196428571455,0.03785966972698982,0.04308635877651893,-0.09195516499624598,0.1649414219522543,PATIENT_50
709.8429752066156,0.03974252905304027,0.044313477259781506,0.1535000650738805,0.1649414219522543,PATIENT_50
70.30687830687789,0.04625848796308358,0.14264418679065408,0.9021820326567015,0.15900927020699124,PATIENT_51
415.8628257887563,0.03739098263495009,0.07340835761975945,0.41160875127693847,0.15900927020699124,PATIENT_51
330.6230158730142,0.037529790897118984,0.07612323095080205,0.531999999420456,0.15900927020699124,PATIENT_51
294.40877914952296,0.037604252844644935,0.07224556359084018,0.5823520910376052,0.15900927020699124,PATIENT_51
224.95741758241877,0.038571761214558034,0.09067861821656799,0.6901214213113179,0.15900927020699124,PATIENT_51
415.8628257887563,0.03739098263495009,0.07340835761975945,0.41160875127693847,0.15900927020699124,PATIENT_51
575.4574175824202,0.036755736704010354,0.054445533663670144,0.18346092281950746,0.15900927020699124,PATIENT_51
294.40877914952296,0.037604252844644935,0.07224556359084018,0.5823520910376052,0.15900927020699124,PATIENT_51
525.0699404761799,0.036602303203120405,0.04284735770794771,0.28937269730950815,0.15900927020699124,PATIENT_51
736.740799999993,0.03776135590785828,0.04785852671944268,-0.019540164351938928,0.15900927020699124,PATIENT_51
717.3511904761787,0.03679840184189851,0.05283611709435882,-0.017009762184006388,0.15900927020699124,PATIENT_51
670.5855999999918,0.03844996749023254,0.04600809601975505,0.07185074783890442,0.15900927020699124,PATIENT_51
785.7321428571453,0.03942750386753523,0.04782903119725823,-0.06915620742672475,0.15900927020699124,PATIENT_51
687.6115702479368,0.040566433710892594,0.05915310722400056,0.04268378518911341,0.15900927020699124,PATIENT_51
650.537500000002,0.03760614230116571,0.05279472097081839,0.07709129050929038,0.15900927020699124,PATIENT_51
670.0888429752098,0.04048743376501155,0.04980591996395235,0.08293767801721469,0.15900927020699124,PATIENT_51
96.48015873015821,0.03875683948143784,0.13267952050968487,0.8276119114167259,0.17003092650528825,PATIENT_52
345.55006858711084,0.03346038660535155,0.07197794333616692,0.36358024937800165,0.17003092650528825,PATIENT_52
260.36111111110864,0.03507162323693835,0.07479998736181129,0.5185097497208597,0.17003092650528825,PATIENT_52
246.59533607682002,0.035400515502233595,0.08406634742846045,0.5456960896303316,0.17003092650528825,PATIENT_52
269.37087912088015,0.03469596412174492,0.08705298963874533,0.5218033813192078,0.17003092650528825,PATIENT_52
345.55006858711084,0.03346038660535155,0.07197794333616692,0.36358024937800165,0.17003092650528825,PATIENT_52
510.58653846153965,0.033744831034445893,0.04770322029292081,0.05398202868683517,0.17003092650528825,PATIENT_52
246.59533607682002,0.035400515502233595,0.08406634742846045,0.5456960896303316,0.17003092650528825,PATIENT_52
468.4925595237999,0.033884814097426705,0.056166301486287026,0.17428516118164256,0.17003092650528825,PATIENT_52
568.9743999999931,0.035705461767073614,0.06326750218928925,-0.043339162638964895,0.17003092650528825,PATIENT_52
507.76488095237136,0.03380302586785788,0.05734213169215113,0.06951033855461429,0.17003092650528825,PATIENT_52
427.6447999999944,0.03532704346531076,0.05824697304624786,0.20711412433308704,0.17003092650528825,PATIENT_52
540.9000000000024,0.03650901482189461,0.053017283579501126,0.06992535463260798,0.17003092650528825,PATIENT_52
499.95247933884593,0.03917455625177417,0.06742478853236213,0.10166645903525758,0.17003092650528825,PATIENT_52
503.6446428571462,0.03685672757241143,0.05756140977848223,0.060811910508516975,0.17003092650528825,PATIENT_52
508.06198347107767,0.038459732373938946,0.0672613671063453,0.09765408163859463,0.17003092650528825,PATIENT_52
60.72883597883572,0.04377087859199519,0.19239042967774506,0.8643278001478067,0.1644744533159458,PATIENT_53
291.55418381344685,0.03582322320219704,0.07233981838759086,0.3463103689867155,0.1644744533159458,PATIENT_53
260.64947089946924,0.03584875722980827,0.0926489190698029,0.4112689821696161,0.1644744533159458,PATIENT_53
285.3635116598113,0.03546689567585218,0.07948701352330528,0.35933685109893226,0.1644744533159458,PATIENT_53
192.6346153846159,0.036845463134620206,0.10738663696768677,0.572480324862019,0.1644744533159458,PATIENT_53
291.55418381344685,0.03582322320219704,0.07233981838759086,0.3463103689867155,0.1644744533159458,PATIENT_53
496.8653846153855,0.03584612184258238,0.060952148433894154,-0.10797386627644036,0.1644744533159458,PATIENT_53
285.3635116598113,0.03546689567585218,0.07948701352330528,0.35933685109893226,0.1644744533159458,PATIENT_53
421.99553571427873,0.03593064424895621,0.05954576462650011,0.08249124578695222,0.1644744533159458,PATIENT_53
460.964799999995,0.03702539668929893,0.06710924976317253,-0.014639910376891855,0.1644744533159458,PATIENT_53
488.8363095238015,0.035776235952889784,0.06437874096143625,-0.11813667713641314,0.1644744533159458,PATIENT_53
518.6959999999933,0.036044417043419506,0.04974500900556728,-0.1475793964089689,0.1644744533159458,PATIENT_53
550.0375000000028,0.037838607322173576,0.04973254540878749,-0.17018277313357918,0.1644744533159458,PATIENT_53
437.01239669421676,0.03939189248954085,0.06164835888192118,0.03430624364597439,0.1644744533159458,PATIENT_53
359.1410714285729,0.038527587518556304,0.0700238470389457,0.17003222449889815,0.1644744533159458,PATIENT_53
426.67148760330804,0.039634971267047604,0.07623716727957142,0.04722599836549546,0.1644744533159458,PATIENT_53
81.1190476190475,0.03977062533961069,0.15165586201110456,0.8682664178856118,0.16924768032021636,PATIENT_54
328.01097393690577,0.03382394514660667,0.07380594421953623,0.46278448024084046,0.16924768032021636,PATIENT_54
259.4126984126966,0.03389187295057894,0.0821788441359857,0.5772073070968613,0.16924768032021636,PATIENT_54
263.2331961591257,0.03427983264636486,0.08391468446037427,0.570563405810139,0.16924768032021636,PATIENT_54
250.9340659340665,0.03498030653364526,0.08705695700245115,0.5900349461725845,0.16924768032021636,PATIENT_54
328.01097393690577,0.03382394514660667,0.07380594421953623,0.46278448024084046,0.16924768032021636,PATIENT_54
554.164835164838,0.033632814688723485,0.057925831077122215,0.07951043996272783,0.16924768032021636,PATIENT_54
263.2331961591257,0.03427983264636486,0.08391468446037427,0.570563405810139,0.16924768032021636,PATIENT_54
528.247023809515,0.034548174899534566,0.05125135092148553,0.12808098152356856,0.16924768032021636,PATIENT_54
493.99199999999354,0.0356695948953721,0.053135445570898235,0.1623787523405293,0.16924768032021636,PATIENT_54
599.1711309523713,0.03424236160417733,0.05756963456079245,0.01417421907898914,0.16924768032021636,PATIENT_54
653.651199999992,0.03466871788803214,0.043247420376218426,-0.08757470608403525,0.16924768032021636,PATIENT_54
621.7821428571455,0.036135904187228875,0.05014577790696027,-0.05151351094662198,0.16924768032021636,PATIENT_54
604.818181818183,0.038928602647555585,0.05064699411400237,-0.01877010461941358,0.16924768032021636,PATIENT_54
572.4428571428598,0.036290002558753004,0.05053794802526912,0.058048102207407366,0.16924768032021636,PATIENT_54
620.2148760330604,0.03922900319431336,0.06347470478279549,-0.06873849346100498,0.16924768032021636,PATIENT_54
